MMSI,Method,Sub1,Sub2,Sub3,Sub4,Sub5,Sub6,Sub7,Sub8,Sub9,Sub10,Sub11,Sub12,Sub13,Sub14,Sub15,Sub16,Sub17,Sub18,Sub19,Sub20,Sub21
538004506.csv,Kalman,11.147618014743069,14.056850500776406,18.01827427178895,22.898388821933636,27.12979294121921,41.880683900377086,53.06929718756983,60.61287034894954,69.69044389971172,79.16190952611677,95.03128465228444,106.84607288366995,117.73106922569391,125.22994598558007,141.47179764815345,159.6751783520216,173.84310843552834,192.63807081877522,219.76674364695913,239.72265336753037,274.7024195435529
538004506.csv,Linear,34.058362002511906,49.889504755108916,65.90140053801191,81.5439926530743,99.05620996715584,113.7382041848229,129.1673982100743,144.3184396458858,164.97328639677238,178.19123001172946,193.88648080797896,209.83932710608323,223.971024505785,238.0598573840208,262.016316517804,279.0736714119255,290.15279453468133,305.1541808774305,318.65221531738723,342.83458216253183,361.78720971633766
226105000.csv,Kalman,18.614428852885418,28.801468210960916,77.28380362426023,141.18049230777822,273.2931949257337,336.4780172027451,385.19349535409606,419.73282401671713,460.0611892814307,502.2705055621463,450.14157077534367,287.7636248223529,355.2884385491589,244.85405404025684,360.84519083295356,312.64843630114916,552.9163372500179,798.9010841993055,1064.318129151331,1177.1813128169108,892.0446086710065
226105000.csv,Linear,131.8621391835854,196.13274761771518,262.35030992437373,320.8457725925773,395.64213772724685,452.18123669003734,530.5425049453881,587.2903867182564,643.9505610493784,720.5971370764686,778.8714470572733,822.3643764658816,895.4068643102281,960.7255670950161,1018.4336300816851,1075.4258660601217,1143.181376184533,1175.9581266220919,1255.278571849214,1315.3830429109576,1398.133043718588
235097013.csv,Kalman,10.626721645151873,13.873061874499081,17.78622220476991,23.53156018562019,58.40442814259782,77.3954091004928,84.4243846710266,108.75598619995087,178.63239500754034,66.79019653163694,171.47058604130646,254.79720332540427,172.72609117760467,217.00967450699977,159.82433604167298,173.62101319990967,191.85524678756371,282.1798450595635,315.2950040949958,264.41570615266943,265.8652673622389
235097013.csv,Linear,75.62589023832994,112.26311612488941,149.6059035394785,186.64119173286065,224.6886217486682,261.7034609128013,297.6477057248026,335.3448321349094,368.018805197431,400.5359851096833,444.267739109493,471.82175259647573,521.7142913982213,542.5383249492567,578.1622000735614,629.679792699267,653.8802436876241,678.4642157158422,711.3395433919869,751.9272487548341,807.2428155491375
305714000.csv,Kalman,7.822227201384328,16.782927944149964,33.092033752017585,53.94659809784475,80.92229412140998,89.49345916742787,93.42989208106431,138.9101135355411,191.2243141861136,257.8792252820771,216.36002587302076,334.6694068946156,373.7924992150878,408.863614812722,408.67624702563387,468.8061695736573,573.994120654407,538.4096019085239,501.7586518523217,551.484927431943,687.9442765080436
305714000.csv,Linear,73.33951752484636,108.14296975958331,141.31776462917782,182.7136495612742,214.65696256387326,246.51612072311218,282.54493032836956,320.54639780166275,346.30185515039,412.62977910744416,447.6103112598686,486.726361223909,513.4359390706808,562.4597106988953,591.0978106515942,629.8784329035127,644.8457799814709,672.1293186684721,705.6795967668932,732.2283079622953,784.0490429083849
304519000.csv,Kalman,14.150928703445604,24.88553352797101,38.99141154106552,54.97219433144557,68.35015000476551,91.43229004873689,112.15837052663368,108.46674087501181,147.5577694843292,122.52827021155167,226.55809847105536,181.8439029248512,243.71559388819773,240.910313200463,218.3451414888839,161.5599080334877,134.1973169957477,144.55054259676066,276.20377811810704,291.5051666717084,257.8465256019206
304519000.csv,Linear,53.19453546932937,78.96177091544561,105.2523260419935,130.53735607651774,157.82157998909648,182.06198131112083,204.133258572977,232.593984057288,258.31459856395537,281.6155506386987,310.5526327512776,326.9600228511058,362.94648208133714,375.7417024654359,402.6726573308023,436.32500390125983,455.5391237143202,471.3319112057235,487.13952218140986,524.5321830029563,552.1511841666596
304927000.csv,Kalman,17.6209414265297,51.62571974457817,98.88984618375645,146.31463625183127,177.10496065602644,180.29337866560806,164.9550575114135,198.15249052398758,223.13630271437634,284.09075596039213,358.61956627098033,443.79559844603006,519.9368510418306,427.51233710004396,409.3312488670217,215.22111309210078,298.3276131039427,445.6413475823199,720.7538381502469,593.7891867240234,812.5366867437873
304927000.csv,Linear,32.13996023079312,47.94396399343857,63.08773344352009,79.34583607937407,94.75881125193446,109.01637680481879,127.42197324203046,142.22603377379684,156.0839194776579,173.0525176238245,188.68885672296042,200.70316253376697,219.85572322378974,228.9892836612108,247.7348748351058,266.87513136062586,275.9298982632527,283.54519963959115,299.93137179394796,326.47999677313555,343.82563858553453
636092331.csv,Kalman,7.298710594032905,8.389755639997679,10.355645672573143,12.222102743957993,15.681173156925633,17.368677129689686,22.887197986441596,28.843706965680855,34.65680272208443,42.58744253298223,54.468582189623845,53.54964204259995,80.30494821816255,92.16761118069296,100.61282227509271,123.45102606756795,159.37082697004539,173.31833584489974,175.88841938197933,201.7535766952727,255.910955101321
636092331.csv,Linear,67.88379624166303,101.24505145341698,133.5983787737842,168.36672475927628,201.2588024736684,229.75993451366185,265.5288406616458,301.1966438380291,332.35745472379625,357.9710787844961,394.2123537685916,419.8555743292453,460.5112869637427,477.0884970713928,519.7546336352167,561.7173865646874,575.293654671352,594.457343318564,630.7645085792329,676.1748181128006,720.3660735184628
224389000.csv,Kalman,11.982232935240104,21.104525188174684,28.518553693639245,59.88680172805688,110.9851800735537,133.2832355277338,141.12952382053993,287.312561771254,266.9970531922709,404.90902887633194,240.47685244159015,319.99096403310335,314.1185228216263,170.39285133980076,163.9689402448016,147.79897453618437,234.46957528690774,224.43261244712426,397.1629799096966,500.13222760969734,487.44002903909245
224389000.csv,Linear,69.57860409595517,104.66442523778453,138.97448655180307,174.22533597110765,205.41043573611836,238.73350885530414,274.08042603919847,307.6459878870623,341.10640378721195,373.7192805389824,404.62771363624347,437.7434924536937,471.49341194030916,506.3460316768284,541.3036919824982,573.0279590426053,591.6153060522525,616.4060049999642,655.1797491626835,701.9151044391995,740.0951926935752
220540000.csv,Kalman,11.52798028563997,14.115325410032877,23.23003776105107,35.556688665538104,56.311532528838484,80.75099278169661,104.91040521346876,111.95329746636197,141.6883687741905,178.3153208485137,226.12315390881326,258.1401369446629,346.94267283032536,308.45840208269624,265.2183186407206,355.1938259072805,468.8797340447857,516.5086189370528,758.8176716489089,455.7125677576314,708.2184707271031
220540000.csv,Linear,88.74886418177852,133.3842104793511,176.7601606075433,220.02835038188107,263.6983767307941,308.29681142456377,348.89584926428773,393.58064919432184,433.9212538650676,473.6899888283846,530.87012559921,554.3623690893336,612.5301785014915,641.0207697423596,678.2025502519874,742.5286297582455,778.0437890245454,799.7633063277957,832.1801712100918,883.4532036802213,947.605300704494
211286440.csv,Kalman,14.224651607076797,31.320277049133548,57.242594310464796,78.3968267849167,91.38867689645224,92.4237158481971,146.54161019484243,154.2253500724347,153.33831870257123,204.14061796054426,251.39812332091606,226.63510840177486,238.96364865469693,216.43622863297142,139.92316116742506,197.3137175518041,264.6737438953865,360.28921463558333,414.2480939844596,556.0248726142577,614.1322336556815
211286440.csv,Linear,38.068949273291906,56.195720255988384,75.16775459642726,94.43342042952418,112.41518244534018,129.83777698640264,148.9279180870711,167.3112049596455,185.24136780944292,204.66315167209558,219.39693949871153,242.55655585880592,254.90348991591625,276.08909661052144,299.3798579596218,312.9578509840052,326.0327155150451,340.5991652787033,368.614614964001,391.43495937252527,405.66783884446573
207138000.csv,Kalman,12.984508476730031,63.9012795257461,143.38742985999872,234.39974410716874,312.1972699461853,379.0891115379814,383.7631166509424,338.2272218408913,250.80767850170503,171.63421951701733,179.35782893501084,326.2355777903577,355.55733537285187,398.87676634335423,424.7767997097281,291.60906983599125,208.70773538456518,427.90783706063263,712.402276277006,1029.2005765668466,1216.8536779621404
207138000.csv,Linear,37.40233541589271,56.25332923424094,74.32160231556082,92.29608683611063,110.08294834525185,130.37504384247964,147.15236903928692,166.00096512795938,184.14888464611548,199.21093969156985,220.8004278263876,234.4855162879663,259.18380824726546,270.42674267621226,286.68320985412873,316.24444604671015,330.7196533578376,341.4950455404991,351.90877668939464,369.13389627434447,396.24429236710347
207138000.csv,Kalman,13.433226148873072,41.43487582784257,115.26135916341859,230.46798191368816,366.11241417096886,520.7416333079868,633.8763200487477,725.5853433457396,741.5955425058381,755.5700008849839,677.1270204838262,528.2721842380566,299.53861880433936,389.72160768838506,345.9811099800779,185.05148367167328,162.90963685918885,403.4638051128044,705.1322480108947,904.8597104208746,1033.7750745085984
207138000.csv,Linear,99.88431187134447,148.67072560583028,197.5914485674144,246.6322030087909,297.1446619951345,344.7496222834757,392.1909407136742,443.09636487578507,486.6901710172996,531.8590186716252,597.8313847149341,622.8240836433117,691.5791157749765,727.9278112814453,772.5407904601977,843.5863953734624,886.5279631531616,905.3999127352326,950.6652695274615,1002.882430446134,1075.4659418453566
215901000.csv,Kalman,9.331093323261491,12.71126999572493,20.248279065703155,31.336750464238325,46.5751887062898,65.1418266325796,88.11050507987068,105.81098960045969,141.88305255944482,162.36764029850602,218.56931394912866,206.95360509677982,237.12363983288068,294.90620962614133,319.33791693375537,352.05957611889784,363.69689967254556,442.83216816058933,479.6778145429507,483.63507236157665,612.2971979276638
215901000.csv,Linear,31.358302785455063,46.776874104862124,61.930268117160516,77.61472595438438,92.11988090960774,107.2432428545032,121.3209704248064,137.6183470764459,151.12093357424965,166.70556864316563,182.06691680913102,197.7466188439293,210.92599753158441,224.0780068616484,241.37848371712744,252.87237872779014,259.78230084708076,273.7925516969557,295.4145947381279,315.26412515654374,332.8454915443862
227146400.csv,Kalman,14.51847490853838,20.940677703443423,46.10502215753647,99.07389504061808,156.4505157072827,228.85401353477982,239.11848458377233,321.1701416788222,424.7528137642697,365.1339605135924,220.11014039262113,296.72644537737784,226.52278949696685,125.70583065357208,126.4846622392992,162.03085973830602,224.00270406336804,361.11345052518527,556.3999772287825,637.9945579472484,499.5627770379161
227146400.csv,Linear,109.88074791077555,164.19855300453327,218.81156908732382,270.9240514052104,319.78011971785844,378.76934867104654,433.51820391064933,482.9453253940983,526.4435433862927,573.7571726243272,628.7523227491271,682.9533166335602,725.9065876786599,782.2170193081919,842.6186431868489,893.5327211459479,906.6807711667022,954.5476722887857,1025.9212063192874,1085.566648989941,1127.6280644425979
314237000.csv,Kalman,8.228800532098516,9.721250517979195,12.24784676884924,15.872268088196426,19.145033637220536,22.64695424566573,27.145400231263043,31.475626251007423,38.63170129027597,44.87894733205478,44.45402381319288,55.13445871728806,64.3474943235508,73.1710873236873,85.1602742961995,93.32047431330527,98.38834318021586,110.78321362891305,124.3149774144181,131.26196222909957,150.47509615226338
314237000.csv,Linear,37.24263503002132,55.83389572627875,72.75198943063297,91.62067050281104,109.84719999990709,128.4430045940862,139.8077008284773,162.28621701733726,179.46526143184306,198.07908634717623,212.43682821650802,224.84153443312368,239.58202430237736,261.25110999498355,282.3428301383979,298.9990597236239,319.3618402418949,332.646086263388,350.6465539292007,368.7818874380082,367.1147007883185
565494000.csv,Kalman,19.90347570366022,53.239472572437066,85.03464937841522,134.40523542653645,173.19859214003404,167.66503554361105,191.85831770644586,268.3031799716497,269.78517974376234,342.5671809747271,373.93643265411015,411.928441935694,544.4098049009904,511.9581349861541,401.0388864590219,451.3092096946684,361.07768136790065,469.571299594392,435.87740754577084,675.2415208644735,757.6903961309011
565494000.csv,Linear,50.03540929941785,74.24520291351813,99.0541976717261,124.75650478701242,149.80862999019524,174.07684232737066,198.1432172245105,223.62869960864776,244.18300486828082,266.4587520276922,295.7259454862862,318.7388289290389,337.90028048501733,367.78283355729525,390.46933450310684,414.7182967752643,422.7770607125847,440.59360246686657,468.79257725702695,495.61386929720345,534.0172024847288
244740921.csv,Kalman,14.241812910703345,40.819749809443984,77.37212764480027,102.45587722270702,141.23889775535895,157.32404971259612,180.76130951863828,169.16661386833573,241.02152909663403,206.72811840692233,283.85280733679497,261.48714160302,247.19358330609592,202.63786075939404,259.13144364440444,226.1617978183861,224.51783894776747,438.6281894548464,416.3289737165603,465.06799072084397,546.3045577416708
244740921.csv,Linear,35.86699370247408,53.12975868951325,70.33667633098304,87.29884168850288,104.49590522701891,121.04454297998558,138.4757579831792,154.69343886537266,173.54513021103887,191.06294934315895,208.09783348008546,224.64858286615345,238.07313553225666,260.33912053616893,280.4184309622597,285.63673273304437,300.2482184997503,316.20805503760744,338.11377993431586,359.10945180895635,367.43612500458636
227330000.csv,Kalman,13.863705836040527,32.526484831307386,98.28954740301995,205.44188392570118,333.57641774199647,468.5688679074969,589.4956560779168,684.4163014221105,694.5293490594979,622.3282146088171,597.7019269985344,436.3253596479851,385.8570372246588,308.81622678256826,151.418554636462,119.75989092498936,332.7290120088875,584.2163630771369,782.122690065081,1019.3715798268169,1350.9263064241686
227330000.csv,Linear,94.45420555778891,141.3587136554339,188.8031341153403,235.11183403287606,280.51176510341645,326.1018989058934,377.5638397635044,422.1877630563254,473.59589645807864,509.15431700505127,551.649810146015,602.4358920046337,650.1813651129886,687.4952179235942,741.4936229939144,799.5147399265597,814.0199575532274,857.3042554424966,912.4172874777358,973.0585142422797,1037.8527534355856
227372000.csv,Kalman,28.404119229393697,93.4965335120774,162.03231160786885,272.02723393473553,352.95841215992317,502.6801225807996,508.05911398618395,500.9213709778314,569.1922527878781,535.1934526878583,684.1446168057016,647.8408074222864,565.7608459886603,913.9010268957885,900.903700914864,1235.5934417906242,1058.1774730365532,1462.0883376938111,1277.9047658417785,1339.5512904154089,871.8357805910329
227372000.csv,Linear,141.20082912721352,204.6292992954015,268.5015901023107,347.18485636160426,405.8138159079033,477.89784238669324,568.0395880136181,632.6514351297616,678.009668891498,767.7181205276465,849.2385025209226,910.9009603111549,987.1472194646389,1015.1555910832467,1068.5754385834775,1148.5042812291088,1196.2586091455662,1259.450223972082,1299.407282636682,1374.099394488477,1427.3733966333527
228130000.csv,Kalman,13.082388070574293,21.31172027025895,41.07531642570516,84.42502797568268,128.4640055824484,194.57113588848975,250.3190742792324,248.28954796790651,240.36756573502456,322.9906392298073,182.731985082168,204.92180826702733,249.54710037025978,248.2111411437495,211.73612609964397,190.98657500588283,368.35945362728586,384.39653316670365,724.2732812322815,546.8053844124626,383.7067755845547
228130000.csv,Linear,116.49409332695076,173.49771679445647,230.45946433372896,294.1433934043553,355.3456396349865,406.3971410811643,454.7773880466305,538.3952491989052,557.5192895138138,625.5727434096957,701.6383449682218,753.4016807955641,804.0816866611627,847.1690473430292,903.1678977276019,961.8834532058046,1007.1299391439369,1032.5419286805422,1087.6953989484425,1124.367905009849,1170.9820850002102
228727000.csv,Kalman,18.978458951312618,75.57078398296366,166.3146140492444,270.3918266028074,357.6667037043126,424.37240095700065,446.1118616325345,435.5042355393346,336.5576289457923,312.6736559628742,352.393437035988,374.76841808404487,516.9736714873638,538.5508186724256,444.32220572010397,425.6624721758877,610.591111996152,934.5829140002186,1262.5312929295635,1284.2856454883583,1176.2745767669699
228727000.csv,Linear,48.08190121376068,70.67043300487745,95.5463325519933,117.86416500868883,141.44707423886388,164.36157515910875,186.89524554658334,215.6895954860614,235.96215165340053,252.7925183989189,282.3628882369934,306.2670677955598,319.98884593519983,348.42648069077296,370.3464107923173,398.45307330475674,423.332976836265,442.088593234315,453.9032784859447,480.7439918393908,514.1028897809263
227988000.csv,Kalman,9.114267076847915,55.71248276283676,131.3698774258578,222.02123741091864,307.62533892611486,388.9203974711299,404.36485944322163,373.4880161522319,305.00944773842855,233.72141489493285,162.42505134130687,226.74677024547842,259.0154502385923,331.4767506103554,361.05136236580137,225.05374422018892,275.3143266353853,492.24469728409304,795.9592504059186,1027.8396692427991,1118.1743443752766
227988000.csv,Linear,46.82783879889935,70.26417527197172,93.36946602365036,116.2930920146893,139.5286465093336,163.91389389841822,184.74468938084792,207.69143675655272,230.88410789683496,253.34630289058066,290.27379741531394,300.6662777385864,331.6240176267571,350.03304697171797,377.5251273886698,400.08086841516086,426.5724394500679,439.93197537740315,464.6799279143018,495.49758722515156,523.6669870587568
244925000.csv,Kalman,18.80035301781333,36.168374494355874,68.04652906778861,103.90249088590103,156.08450031436996,186.62861824841656,252.49472948919296,298.8731634323273,342.1097729361528,429.6337887058672,433.4465292549185,774.5408085889294,793.2621495081576,856.6652946950786,963.7828319445287,1039.5849599628325,1042.4202874559833,1152.6523368976807,1190.6433480514113,1331.1518764197572,1168.909914753274
244925000.csv,Linear,26.787808037145638,38.78357169992401,51.20035223965841,64.11958967215078,76.6080699719624,88.85755712083784,97.40427034220441,109.68894420970827,124.43115731125575,134.24685510118593,139.5774227837869,226.37056683636578,233.98162442075574,244.748725307197,258.8064452288746,269.5468021158262,280.70286127178724,292.719646091396,300.20076842849073,309.4150464873236,305.54102838918453
247224200.csv,Kalman,19.82822439967701,43.77163665954341,79.48256099885556,129.62772443385012,185.25431991404494,261.05062490537256,305.9256511915423,429.0182508083444,511.6487564319704,592.0332776589429,662.7716380963874,828.451811240491,866.5327516101568,1094.5843820335076,1095.8180128055535,1242.0924747788301,1278.4061748715665,1336.1004796965065,1308.1701078561696,1673.357865195458,1638.4338584025054
247224200.csv,Linear,66.75152899760896,97.8757569209968,124.26479327109311,161.0434252439287,194.5130499773534,209.3784597391321,233.42048236836067,274.0731759694692,295.07390579083176,326.5124979808358,349.42627270338437,377.28641952211467,412.7984178236965,445.21619692786135,472.4128243176104,494.39689154553093,506.66640615697315,516.7888093322824,571.7253397715773,590.5913850257535,614.0351817967389
249104000.csv,Kalman,9.765540440765795,12.400595593031072,18.621380111372886,26.77267111027016,35.870170528207176,52.86594580495369,74.56898673619969,94.0963718524192,111.28205555984297,136.88167498411042,173.54920445610074,197.0078883398065,246.6636573421678,260.852052950989,296.87373530543147,322.0835839051405,384.24510008145126,395.0598604596997,435.7215195073773,453.49989540377834,516.9341193762599
249104000.csv,Linear,44.695666826705285,66.47260313558759,89.06067685218831,110.1941263495003,132.661912969633,152.76677964377583,176.61774437165258,198.1300482227646,220.3444050332471,240.46167146911483,264.43149747880017,281.3148278226621,306.30167517604775,319.8997797606882,347.3877434981512,375.20680880059575,385.239217640398,397.66299072285614,424.2656145037005,451.2962762255554,486.8904610622257
518866000.csv,Kalman,9.700189222993629,11.749108864429726,15.73163588069325,24.90591437703509,32.32139100476474,51.96523808338065,71.78507784835577,83.07476890387188,95.85186815099112,100.60705416550351,141.04680424457624,170.2159579912876,192.03292952624713,240.36578301862235,204.03454388501189,275.92956135111956,276.13009658815395,375.8962769373139,323.24579057776987,413.3705777905706,486.6617677577175
518866000.csv,Linear,83.66164755971268,126.08135134934852,165.33550487822225,208.87155021761234,246.85210158932813,288.6406529442004,328.29189716149534,375.3357432661742,411.9283580515224,446.95600112712174,487.3891869023157,529.1408530201431,571.2115262387978,598.2647605431907,639.8506129000824,702.8941234711782,714.2676698430695,752.7414271319881,797.409357106872,844.8728552705379,898.3769218296667
276700000.csv,Kalman,8.804638417304002,9.807681692820019,12.636456097842224,15.531139603693392,18.392074983284814,21.830653011309447,27.098713366518293,31.425163698117885,36.317094401033174,41.086719289174404,45.90026977173031,59.405026457212976,54.73319870029555,62.00342350992293,73.96526212032389,76.73921551938216,84.78816441861588,97.45512847983909,98.72220014267269,112.29608833957273,126.77391748014956
276700000.csv,Linear,30.535316818968997,45.25762139631865,61.80554039153956,76.9474006696199,87.75005856543558,107.06806361344971,118.83672082260965,136.75452319886145,148.5182498656686,162.26664091453395,179.49015332553114,194.33565572273582,204.42054484431435,212.03571360293077,225.93117795236898,253.69557970812332,263.9335070811691,280.1104310637176,290.6946108581241,307.6273438975946,324.96221238152077
577228000.csv,Kalman,9.92504351546866,14.215587582838648,34.04494945309781,70.3859918011116,125.96597902661662,190.01280478937426,244.96631980445486,286.66123005756305,321.1026379688689,320.07460897388444,283.8643536715958,245.83175496123903,174.32417483419275,137.65213244370202,148.61304404790775,185.22854565857946,239.32048731141256,292.7479688307641,300.6615170408861,417.95803027244335,434.5028255826219
577228000.csv,Linear,44.52868598716828,66.10083694582129,89.27423799405084,108.77653161308695,128.77018499784043,152.88344171758257,171.69600191750436,191.70459643168346,216.69773657423124,234.98620748099214,263.5284529108048,275.28879033431946,295.6034347002004,313.6246711711412,327.35280865375404,349.2792458601679,379.3137704595513,396.6958518443435,419.21446226699635,438.17667452110874,453.63304501753026
227558000.csv,Kalman,9.22210086264118,26.59847300152663,77.69363272224587,158.55959059823857,254.34464042784958,359.97248545655987,441.1616488858188,529.8445749441271,516.1357247484071,495.34212802349487,470.3896116676451,327.3476758573453,239.63715671842866,240.47278609532054,158.82320985172498,92.11623063600256,147.82754675756243,359.45981091874626,553.0386742519902,661.8212080126924,880.0953012698229
227558000.csv,Linear,69.71921772816162,105.15680114594826,139.31960932097243,173.97495730308395,207.81019697131833,242.3544724283803,274.4957277577401,311.48596635351015,344.1754989380248,374.7333737554514,414.99477757072594,441.75234285230084,484.30723560072863,502.44071659049763,541.237540932903,588.3659395728599,610.1562315230758,628.722076154764,662.2170547665941,706.9026846770029,759.9649002782219
227364000.csv,Kalman,13.769850027463294,24.896059647089157,46.03163731698047,88.3619858486187,157.98387891348392,161.71305323212837,240.76381700454974,282.8152397988808,282.8976178104046,300.7310059934867,305.95218408624777,173.5995180506297,180.8619522777422,215.6015669049028,338.98562166561004,345.24770261501334,346.24848926946834,385.4658748255785,753.1709518213613,708.1627987670468,625.0327594115162
227364000.csv,Linear,111.33198741362287,169.22358838783197,223.48481502337768,280.4787313765048,329.6261621975388,388.8107328850608,430.16993840010554,502.9771617566099,550.3452714444039,596.2489971093776,642.7714541847563,714.2987754631016,757.2719522789039,799.9535736655694,862.2626172116377,926.3940348591194,958.9058278825923,1014.0229455389217,1052.3551443211509,1088.3000888936886,1108.296733095273
538004506.csv,Kalman,11.147618014743069,14.238846593387816,17.955749122571266,22.76076414368843,26.61877819098346,42.12051105664488,52.74283439221036,63.178050625989705,70.4952518327705,78.54268778048002,92.23699887126115,110.39145775637387,121.03574606635081,130.81636284969665,144.2119872955872,168.4926501704422,181.08058793301552,205.11317406189195,223.93101776800663,245.22960952085373,270.82149739922806
538004506.csv,Linear,34.058362002511906,49.720659636992764,66.06140599229107,81.69912580457229,99.36265830204441,113.83751831322795,129.68172210055494,142.93466365337278,163.4642974884445,175.6059501446455,192.04036075588954,206.46736503351687,223.597316116856,245.39002807242707,259.7693857586269,278.4217359932423,302.36942186275894,317.0917476627472,321.82156295486857,333.76886105060214,353.28933688634
226105000.csv,Kalman,18.614428852885418,30.262514259997808,74.64827754883119,157.41592559608992,251.08794794811405,309.19364719975164,415.18902119049073,567.3623789285352,474.43618176403595,460.3366239611629,386.04321516699974,346.05588282496814,396.860829341457,318.98433584576827,322.31442427638683,424.31574931126346,530.9827063207728,666.272136699851,960.1828821138157,1293.781307063859,807.9775924585811
226105000.csv,Linear,131.8621391835854,197.04662277492187,259.2265002045691,322.7010008171857,395.4029244949112,450.1388731631814,526.9602230333767,586.3583150078111,638.4211859616751,730.1366108641422,775.649929244518,821.9207015388682,892.2238031660186,960.0270482600166,1000.1413692714715,1067.5916015404252,1142.882889775665,1196.0492154352846,1272.4935928801212,1353.98505375683,1420.992926886207
235097013.csv,Kalman,10.626721645151873,13.843171585633103,17.68357192218154,24.895894925173394,49.85220123757485,75.5203423550335,80.71366895561981,104.35510869336632,134.46138220585024,130.61970792642197,215.6669301943599,229.61735599023257,205.93852819086368,226.2279216640559,166.13814018330092,149.80729442933827,143.19821490246758,162.85868384156507,191.95611246616355,204.97241015606573,259.24631630911875
235097013.csv,Linear,75.62589023832994,112.26196437301637,149.85984627133553,187.23750963060485,223.38871507501796,262.502893052026,298.40504593568335,336.4991426864149,373.26531624211293,404.99935576340937,438.05090674139376,483.22197448928347,508.90480879476786,550.6487509956719,580.564531948976,609.8522486366969,655.6305134627542,710.3016012500693,717.307375128038,739.5382356041107,777.0188324999204
305714000.csv,Kalman,7.822227201384328,15.088097197668175,32.09858674878613,51.24642564731366,68.96020510549016,78.28677384182174,98.28782227504803,140.94677633349565,194.75879867927534,259.45964354826464,222.66638367649273,343.7552861539067,325.8032363321001,445.9622349541453,402.4506849278872,496.37737240773026,518.8192647972131,580.0279911413028,511.1730057872876,578.0287362728675,603.2857563331145
305714000.csv,Linear,73.33951752484636,107.61796759438269,139.39173147260126,183.17338711653198,213.28368429332062,247.7746451660337,276.3981063396875,315.9983717645852,344.1026422777031,374.6610671101752,398.5832700757114,437.58300034179064,471.7524686057755,503.9695415601252,521.9472501382165,637.3617345161766,663.2020757443831,680.642542753383,716.9913839117895,704.2618803605359,698.9337266270684
304519000.csv,Kalman,14.150928703445604,25.729162525513264,40.462044934802464,63.97572036360857,66.96595313191978,91.64819895954166,74.77446351529755,102.3161862925971,149.87832957337628,215.4315467686586,214.72494782352274,137.19092912835663,281.71670377539573,218.9859087747775,193.95074671486768,127.90299691753806,116.60774427206013,170.0716840465962,252.53122255547862,490.11100951213433,286.7160735979125
304519000.csv,Linear,53.19453546932937,79.00192521985727,104.81449524929299,131.68140344347606,156.18891730503285,180.76252475242617,206.25931490189237,236.28258443994415,259.6014736451727,283.1347858962324,307.40621310597555,338.81371593685896,350.13654585773736,387.0907560529108,407.8653558896842,428.5553281402323,460.0819848750605,491.7792271279729,504.21989942943173,521.4565703644164,538.2851109685579
304927000.csv,Kalman,17.6209414265297,50.352040784725695,98.5350047093721,138.0419873157678,174.90161473871092,178.923243306938,164.0178138383974,206.1029625802762,244.60096299459505,320.14784883769306,360.8868936240314,435.6047776277658,454.12978634342215,455.2142614520428,387.7671928125829,248.10208243164928,277.93840595432584,508.25002349790924,635.6348106286729,679.3188492599922,779.6994312112862
304927000.csv,Linear,32.13996023079312,47.864517834351105,63.34927969860334,79.32084681185184,96.31181573045697,108.52379268918122,126.80206209657696,140.7844149033903,158.26210316247267,176.81232629443522,188.25693182328433,199.01782577918772,215.74614508221433,238.55741745319972,246.97985187601972,258.82590541932325,280.6677148689151,291.95439548891136,300.7541978873572,315.8494522305264,333.995334351899
636092331.csv,Kalman,7.298710594032905,8.381562103899752,10.00073370591631,11.852288852730524,16.012763454042933,17.755945004700287,22.318753110508794,29.98858151164808,33.31018930241542,44.37851820318623,47.18518100651582,64.79283408968993,75.84846835310248,98.73911354814564,115.12716434291815,139.73905031939154,163.4360375325807,166.81893370257944,185.2569546286895,226.1212219633586,220.57844725008837
636092331.csv,Linear,67.88379624166303,101.33101011092839,133.29482283047648,165.27553246365412,199.5473352780932,229.19153502272036,266.90782727996583,294.2814979069577,323.9251718215922,363.5527979760782,393.8566194420066,416.8866259044073,450.17101472306695,500.26870027989634,515.2637802799368,543.2275983451523,598.2305622309814,608.9632280174504,626.0942694935646,652.0895557383924,692.9280995608877
224389000.csv,Kalman,11.982232935240104,20.57993830254312,31.368299163369723,52.836431046166076,81.5429463400197,142.2022417073937,195.89818954749592,235.96873890791767,345.9391854150845,322.3369468901682,293.1751434206361,349.52422091797666,244.68237562636313,190.99557940839094,175.79338035674343,254.2470233871839,223.70209059644128,164.23409427668085,411.58585251039284,457.0153896347955,425.25340507103766
224389000.csv,Linear,69.57860409595517,104.20808931353133,137.49481759506207,172.18784663681924,206.6397208586122,237.03252851629955,275.48637440616,305.1883578100207,338.8456630883537,375.55942946440024,396.50611273063845,432.3232044406987,474.15504277632414,512.8592543064284,526.7305011678517,561.4821504558748,593.096838142116,618.7523657755269,644.2109529089374,675.4177942968557,721.612539997601
220540000.csv,Kalman,11.52798028563997,14.095675885649227,22.556327251305166,36.90390853607548,55.23534305410654,86.23745272665292,111.82943548670009,131.22040894538083,170.30888483543416,194.87547115107307,224.26034610275403,307.76487405071,288.6457433994336,323.38853688338526,357.60720736571955,399.920645692675,379.74576233743693,738.9102427259211,817.8276356056516,603.2920809719252,849.1265672381646
220540000.csv,Linear,88.74886418177852,133.8735628342936,178.31046738636513,222.14158031243716,262.8509322733576,311.5919277577391,349.07439841074546,400.0298384717806,444.57288996627716,481.68758739254844,515.9018768655837,577.3699557607438,597.0788385761925,655.139963381831,691.455002963397,724.3601552007761,773.8152603169754,844.8778545076025,855.8568209273147,883.6230400631268,923.5963703413285
211286440.csv,Kalman,14.224651607076797,32.93394091111571,61.34585698947448,81.21505548149678,92.00150597397112,114.91545194214035,159.64384823113826,142.92568913375152,186.17777834675033,237.3935534531489,248.9505167839069,237.8871174723025,248.21131969522432,237.9939814334845,202.30485010479737,160.98179684907254,288.35339620348066,353.43674621555505,408.0722893424232,467.3396212634959,540.3805433706543
211286440.csv,Linear,38.068949273291906,56.7703669528121,74.65362655811163,94.11361885982258,112.05384389900817,131.63992171957233,149.31004291753442,167.8325323462016,185.88063317426,202.80837319991252,226.62916658765863,240.6417127457821,259.330829905237,274.93281656536783,293.6726931187208,319.12375719341105,333.70053002916364,347.1414205462582,362.5851559946615,378.4844827540552,402.82093754689225
207138000.csv,Kalman,12.984508476730031,63.379545817191385,145.2439280103759,237.76741833338752,314.1549680737707,386.7501157016616,376.9733620176463,348.8237142390935,249.03147232310937,127.53222169429448,223.85934054611843,275.80896239596666,434.0166227253886,418.9073869336896,345.9884718276251,336.37236422690285,253.56427809292012,443.05676356693596,725.1981296525197,899.6331421612728,1181.250099722374
207138000.csv,Linear,37.40233541589271,56.17190263327326,74.79648789483348,93.17529909877604,111.32457131121656,131.22212078988332,147.64390892662266,165.97580187205511,186.15228649099356,203.49897857702584,215.49037873386416,246.0425298801366,258.5957323689882,280.46887276895427,297.4126359046249,308.0891415085713,332.28197927768247,363.9219577374525,369.62823350245714,384.55020877005234,399.66794052453963
207138000.csv,Kalman,13.433226148873072,41.01665356394353,116.67642320201108,232.3946142213651,364.3886015854334,529.2962499130402,630.4463957794472,768.0893810360835,805.9478893024128,695.2328633876995,666.9916140292598,511.5589008683496,430.1471390462647,251.39251016131055,292.3843218107388,372.1595691177744,267.6255684053733,252.85539491596288,463.9294743325887,835.7570951796915,1291.246274534587
207138000.csv,Linear,99.88431187134447,147.96834138333293,197.88210179998327,247.53379008242837,296.629036835038,344.46617644126945,395.07902471376593,446.47441045478956,495.46434462310697,541.216310852072,584.426677687992,643.3517739974386,673.2086247979313,737.8533176602494,778.0996810409459,810.3433185952631,872.9160004573881,943.9868280550876,967.2220394576234,992.26393410391,1037.501236316713
215901000.csv,Kalman,9.331093323261491,12.584955357276067,19.900896765414803,31.2799800372639,47.70116561555088,63.31554187318414,93.23371582671635,106.38742605118235,137.8854600281523,173.77396007114086,226.73802763371987,222.33454188525963,262.81098903390233,323.8027952856746,328.30218300810157,320.385017127229,434.35355208300757,516.7015198344891,552.6501475811172,548.6056804719445,584.3733593355737
215901000.csv,Linear,31.358302785455063,46.56335476726384,61.62082809593797,76.45156870491833,92.4117168742389,106.58829365079646,120.08141549913233,135.691611992188,151.8361537279687,166.86184909560578,180.60548384388383,196.5741440233264,211.1199015218639,224.7588734344475,239.09476126833243,254.1738635111785,271.2477976214619,285.61150662462256,298.0378070770669,307.51514875132733,322.44004444504856
227146400.csv,Kalman,14.51847490853838,20.072250952932126,43.38052355485542,91.03923758235686,133.84202417382122,251.36220455864478,204.12998629711078,387.37438434621595,423.73836073491924,330.6779047167745,298.28046388242154,259.0133007473807,253.4803495965546,166.51358286004753,121.67927059435017,133.64689663123346,214.90547671103013,503.32055956099543,344.3284039274839,313.11890624091325,339.5838792087091
227146400.csv,Linear,109.88074791077555,164.8088908540003,216.23465212863724,273.8031397634271,326.8713474769177,378.5263870076526,426.85686421732396,480.7151158649357,524.0978701620787,598.3636336926069,641.1249383992769,676.1876250052404,741.1788756792383,781.2099421561815,823.0690300699583,884.8534197723313,954.4305053297454,984.1110410433375,1044.289601447376,1110.2837802539207,1148.1986539044387
314237000.csv,Kalman,8.228800532098516,10.0248076650832,12.071511126606959,14.820510183890988,18.559858216510943,22.488595517613767,29.22327439734234,30.721765900834214,37.57641837332017,43.02903849575007,50.13062656869706,57.26909031547237,64.01807179274695,72.6595279046701,80.0274152561723,87.92047968102405,89.86815706673707,98.81942358647676,106.33278756172754,121.55689576223635,129.5474126557827
314237000.csv,Linear,37.24263503002132,56.46983264452047,72.7763141144165,91.95594799459424,109.14615005498868,127.94130571921943,147.85329661445198,160.91882397740952,181.23510727239758,197.6306819371277,216.8773743461807,231.7634869723349,247.91066295346093,277.2859571992083,281.08568268919885,297.14548665173015,307.8420890273522,324.6256672293867,335.2546397974244,351.8936466994607,374.1401933927693
565494000.csv,Kalman,19.90347570366022,53.67715250102487,92.56355822396868,151.19485559699683,190.99026980762466,222.03027004891428,170.30123974995846,310.2698923871701,281.3436025997994,314.88301402496705,341.8102443809298,449.8583157505899,487.30455740139075,485.2696116668599,500.7326175213244,440.2541619173802,469.8987306976672,510.6453249941934,713.9571529376918,943.2037603238228,821.4779548304581
565494000.csv,Linear,50.03540929941785,75.23463858034467,99.56673250466602,124.4332467250205,148.07257970886388,173.1320503511203,199.09927644724416,220.33494790178207,246.4563530642415,272.3683005314509,287.12108438656253,315.7574910843638,338.0397186455389,364.63110162831515,380.3890257849014,405.2018067967608,431.7320684726734,454.2865807735277,467.42373763189613,494.1596822724618,513.6892117109825
244740921.csv,Kalman,14.241812910703345,40.55154614439435,81.71041678979793,107.26926119192062,114.65952535542449,140.39765194292505,153.6615416455261,209.8413787340265,200.68042386040793,247.9865173029352,311.24161511969396,294.1793343990862,304.4850162727953,264.03699427458224,232.16052405246074,240.54851272766874,311.1936681234829,403.04974996775,550.9042469009437,593.1555838101201,487.1922260299596
244740921.csv,Linear,35.86699370247408,52.75478597502393,70.89223878762955,87.4350607152781,106.89892805038306,122.13185825357962,140.99103869544447,155.08669332146064,171.9352138012969,193.30736011158191,209.31841850230734,218.4293703684492,238.88941570599323,253.66613596282528,270.9059323056496,290.7219493680839,298.6098762664909,313.050222996064,331.7583856849139,358.33718886453494,374.44819853518254
227330000.csv,Kalman,13.863705836040527,31.74073647551249,98.26719834001524,204.0352388674307,339.6202318196466,465.8850708719245,607.5810825435893,664.2289520660945,699.5070929818176,661.1400144817392,542.1723471725815,479.89439810853906,320.3853059381762,228.5474195887675,258.196050479727,206.56041695801053,215.75129154955212,417.89788263261767,783.910435219631,1169.5330901949017,1456.535290470835
227330000.csv,Linear,94.45420555778891,140.13829904955873,189.3177141373058,234.15642450766688,280.9035214414737,324.0897705854228,376.9981630386143,417.3778807713537,472.4371379530766,510.5982216598188,549.5267339572563,591.0363415116101,650.7035718986099,702.9344554987591,732.1472419523367,773.901018440818,834.8014846770213,874.8556912156109,904.1398745871642,952.9027410825836,1002.2444029933187
227372000.csv,Kalman,28.404119229393697,85.9839025032773,178.9471838059382,243.63992606621827,372.94934138157436,524.5678283359954,524.6773293501448,520.3073792463799,589.250465705506,559.9428080800154,660.5356599437267,593.054928013851,555.5057006913264,770.4959575146012,699.1014088082239,671.2926670026267,1353.7897732645038,1273.6559927838762,1187.7372528411252,1471.5644484744878,1717.8846361804435
227372000.csv,Linear,141.20082912721352,205.2469283360519,278.44644839162834,340.31202023942933,399.9927880672069,493.5958333766301,543.750276481574,618.2323256602426,694.8600347484938,699.7587437706163,777.5302954883459,871.0315788926747,936.7936604123104,979.5883044560628,1062.189035553624,1131.8828253241961,1141.714878831455,1212.6809964955137,1216.609487960792,1255.3600371824882,1296.388823526943
228130000.csv,Kalman,13.082388070574293,18.68810316810837,51.83120947154253,79.27125020443061,140.43090645875438,226.6365073329113,225.6462642505198,252.47085405692007,339.19102264221516,275.14743657130754,186.74801326518883,284.2217093940008,181.47561672082014,191.52039065112908,253.35528002991344,211.84875400822574,201.44678301825266,380.4429233845377,363.10458065287094,510.4687008546568,686.3358626052169
228130000.csv,Linear,116.49409332695076,173.64296174770533,232.03172936621868,287.01968180860814,349.4428457893458,397.58311746736405,444.34485412076197,516.8398958051572,549.7728203548762,595.230058290612,672.0223679311457,738.6041643298267,775.4412822427329,810.5832197225341,878.4155399842532,934.5409187433866,952.1996699800775,1008.9288928799403,1049.607549839597,1102.31504196271,1158.0550099670738
228727000.csv,Kalman,18.978458951312618,75.29533891604054,167.3764420503809,268.6275479195534,361.2885443319127,426.57620214072716,456.17599669480074,432.03231996184695,356.6778590967797,310.7965193984201,327.6923823074058,398.9864920673742,478.9745782711474,543.3036781099488,467.76498584417516,455.52047148413027,522.4075875867211,819.7455327125662,1080.0566697476781,1257.9155166637095,1309.8446503861128
228727000.csv,Linear,48.08190121376068,70.52093384410158,94.73266645221366,117.30482994254739,142.06061168564037,164.65509827673367,185.6110667544371,209.5588835479173,235.21740445352947,255.12958070716545,277.28374245552874,304.5897243480693,322.6390132613038,342.42469782326367,372.74326231522167,392.2803228606913,425.9922846180471,446.0138009969083,453.73191284428475,475.7350436953642,483.33709227642146
227988000.csv,Kalman,9.114267076847915,55.03246414940418,131.40812484702187,225.9544870254274,307.55119061765373,387.26390565132243,395.3657563225995,394.56995597973025,318.04820936297625,205.08312149626775,191.71439318688186,183.3178088156947,330.63784991652585,297.8480207831538,278.43275556500106,314.2554956302076,286.68213831271515,447.5089434344911,738.6842660031442,894.6315641203095,1145.7648584107694
227988000.csv,Linear,46.82783879889935,70.05165735205176,93.48299168305778,116.53216974854844,138.66228738536972,163.60307005923696,186.4256590402236,211.09098914634723,230.72416349818238,256.7636754397786,275.52397335647646,307.2432778399762,322.2372731298714,349.66149475031835,363.55962762175454,396.69743419945047,426.5546580459143,449.1952889031746,457.61203160158993,472.3650260835662,500.3562189063411
244925000.csv,Kalman,18.80035301781333,37.68496778838968,67.46367251516452,104.09044856079825,157.80719304502537,173.2933812728398,259.74837101992784,327.1629658497792,334.2326063967751,420.1851732919095,491.38190581038805,561.4570857809462,573.8701067780114,644.8939027620945,1007.5859222366563,1107.3432388646045,1217.3725871112476,1080.0920270725078,1140.9024434829148,1248.3548105272155,1209.1929471803921
244925000.csv,Linear,26.787808037145638,38.85924576429249,50.665272272965694,63.553951121667076,73.97446813690209,87.3945625501234,100.3194206035846,112.1462319643658,118.50820155536061,133.0272930673314,144.71630357013746,156.5362600789337,165.4858075732614,178.05639048571476,282.09220643205765,293.5742424242484,299.8007411528486,311.0642632956458,322.90230646648473,334.55357084932365,344.4942626690508
247224200.csv,Kalman,19.82822439967701,42.48401330900929,78.76194842252444,138.89502347488244,185.8028120766252,245.31378855209223,333.7776318313843,417.01140299941983,540.5947230590156,587.4660465483482,756.5818183996055,875.1316029357248,855.2042244487751,1051.8421387136186,1027.9363514910337,1199.3954076637208,1040.673266728756,1433.1857648351272,1162.8372438937374,1390.7469468685204,1486.0952727287663
247224200.csv,Linear,66.75152899760896,93.07025015717947,129.59621938340214,157.83350508526107,191.8706486768292,214.9783164784517,251.88956776890726,287.0023820052802,302.6701070210179,343.2364760045678,378.1645919080683,395.56664599596564,421.54784231933223,446.0627162760126,493.07466108808285,504.82244215848414,495.544207966144,533.699589985492,586.5168941331008,629.358098188859,681.5653072684282
249104000.csv,Kalman,9.765540440765795,12.492535816777698,18.843531927528094,27.39685331077403,38.907160061223514,55.78754610879864,74.66681806044947,97.03085745044945,114.24513089555167,148.94387737390483,162.46447125869472,229.5591362643916,203.09060414895447,297.9468822464659,290.10438730392093,312.0409149642879,354.7808432703095,485.808161227511,497.27616115760054,534.7828282506149,532.1984373887062
249104000.csv,Linear,44.695666826705285,66.6005412990053,88.92450691942472,110.20345452101908,133.12535133580755,153.39271527846458,176.83438094050962,198.06902647560278,219.75214218982202,244.94821801163846,264.1392842026784,285.6910608729164,304.8942625599604,330.35995867619357,343.27739037112786,370.42208083117544,402.8188080519661,416.32470332252774,425.54885137675524,441.55245374517307,464.37823889778605
518866000.csv,Kalman,9.700189222993629,10.59684610627109,15.250210423193877,21.123889703151875,32.873527094478526,50.14404299295559,67.63556119325035,81.75488731192608,112.96229788853267,112.12045270476261,111.47164671286592,189.00608352638525,192.5220219189628,161.44666797670604,270.7058888328874,327.1047630079014,365.31201258115766,484.6017704203155,525.962162832821,396.58278458260554,410.2000096815298
518866000.csv,Linear,83.66164755971268,124.54210199115717,167.68326928892859,207.52190617234072,247.84606248868164,286.50619233709637,328.9067044815761,367.0104660668142,408.08831805852503,449.6274599578947,484.82476121044954,525.6646044350682,554.9187913080517,607.8810415385709,635.8612166069635,672.6937528575515,710.774701803549,746.3355736208803,777.7161438670572,808.6003545797122,854.2065837953603
276700000.csv,Kalman,8.804638417304002,9.81380931976452,10.76706595575993,13.119162240456534,15.804230502357552,18.45395175762877,22.605157002976405,27.541721528536947,34.00764836747902,37.934777339481066,46.40029388716751,53.44858306960138,56.50139365336062,64.77919135773712,72.19024405761802,81.51087657529948,92.69267821116054,96.65601277211029,115.68363508835415,125.99775428358011,135.22346468049298
276700000.csv,Linear,30.535316818968997,45.75830187558638,59.14553612916546,74.78855797230091,89.46053520966413,105.04851223728052,118.4575482066787,135.71818701969607,150.7343704482592,165.40767365522998,178.65460091375908,198.44816711349887,209.30421119805527,224.12319567907454,238.2676961416149,253.55968834432122,269.722766688991,290.40021097830294,292.0515312301935,303.8668886506291,317.50065339564037
577228000.csv,Kalman,9.92504351546866,14.269746453501098,33.52558843464311,70.97384825848009,123.85397586822651,186.48884744536932,236.40096189205946,283.1712989790669,304.3888162569129,307.1161118297742,277.25346382934964,218.69346986044252,173.66826127306825,168.4761813185599,114.47293273818612,112.2340554795294,171.10760987566047,257.481868934646,327.82071118614704,448.12453627452,514.5448926249476
577228000.csv,Linear,44.52868598716828,66.64483806667518,87.21730836582397,112.47508891835454,129.66709186100394,151.50830037317547,168.69060781065727,195.99944729827686,209.4091947813153,236.28959562380828,265.06910029687424,284.72133682961777,306.7931491015582,306.066466497816,323.05795592922505,359.91852410880057,382.99118735126007,397.98017320344906,429.0917216858361,439.1936062071813,452.2686121195183
227558000.csv,Kalman,9.209855977405372,26.834730225116,77.29664846830639,156.18697799496942,266.4946734696071,361.1999306542327,469.6514199469329,522.5339738997568,555.8948164218884,538.3674749881176,416.8789354353211,357.70393369869123,234.68500593977205,118.54033237149828,200.0741864960714,207.28538829322633,135.88174896426486,211.54445730356773,432.1297453549587,762.6466882084574,1025.3019993831697
227558000.csv,Linear,69.66723680418865,105.85281726214927,139.13966464807115,174.38554079377394,210.19020847540835,242.6265290641299,275.259800546366,307.70371195929954,346.2866449827247,387.5804099156077,416.2512136952188,447.22215705665474,464.71659150386614,519.4246332465142,540.840703657965,562.8943063431443,613.4674721574186,649.6784527497249,667.8745287147927,693.8570698782479,732.0782322581211
227364000.csv,Kalman,13.769850027463294,20.274579935446948,50.12890376732404,78.33757044460832,128.26124194922818,207.9619025846137,324.8079022210288,356.84893694059633,396.1282835310033,256.01487793682094,307.1390163740333,193.07857001732216,229.9690664781134,216.50544204176012,208.67215330754857,317.9807429860554,429.55680772851554,262.84543595073126,622.1220019198134,442.631088319305,934.0141086710846
227364000.csv,Linear,111.33198741362287,166.77285720786233,221.00590004999066,278.36026675487005,323.1690734031605,381.18978066888224,425.09724469781725,509.23709912074014,525.9736831467583,575.8851909545563,649.1576605856964,700.3452175697958,738.9556829812601,782.5195250692807,855.4488179636714,926.8377801969419,936.2086194303167,955.6575414588042,1004.3737724680366,1079.1996922113942,1158.544233682159
538004506.csv,Kalman,11.147618014743069,14.183527736036538,17.857690343005906,22.690061631395775,27.389962173209668,42.15933544571587,53.56426197392361,61.5094414095472,72.28454177505598,79.85050817576467,91.51918453650728,109.48824537798733,121.580117897295,129.60347526357282,141.9560889264217,161.43716358888727,175.67252047999744,198.82001847904996,230.15605765056156,248.57375556530934,288.49265286071426
538004506.csv,Linear,34.058362002511906,50.044623164514206,65.82414864623955,82.9347123497966,99.09567052465435,114.1851863104577,130.33186161397995,146.80679402753933,163.58942486076947,178.32713195053046,193.58606636560174,209.2361438210762,225.20232957739563,245.87187937891656,259.8341422981783,272.85179298520166,289.1211815028231,312.42062481825116,329.03842441528064,336.0841224498214,345.46115414777995
226105000.csv,Kalman,18.614428852885418,26.950424723036527,78.97555028477302,133.21461463693242,252.9570772204023,368.20358463095516,408.7240464707822,468.48891433004303,466.0700579769724,311.1519379009553,388.899767685881,323.62153177123173,243.36441795823956,204.79445086912068,245.7333122381508,311.22676001168327,510.66250228023597,640.9193153478726,780.4252864338331,696.2388838925211,861.847669191984
226105000.csv,Linear,131.8621391835854,195.87024480705688,262.45218090726297,323.8347684298558,391.5010368318703,453.0058892498007,517.6304541664937,582.7631480821507,649.9776722256412,716.5830974786081,768.6492635106941,843.0883917315612,883.4702788775667,940.7746607465126,1012.2180524618219,1085.582961676417,1157.3360825495668,1229.367021427145,1287.4466700397527,1343.6534351277494,1425.9385035697085
235097013.csv,Kalman,10.626721645151873,14.104572299301044,17.590072911536154,24.215349228391393,73.35833236001613,75.73931061626034,97.01871309768764,59.65513555983752,211.559474307779,180.1307971526559,173.08369344422502,281.9743653984549,203.97956935829043,151.44302821203223,150.24326653426724,145.7708391101498,152.01612596492774,185.13369161384873,181.53693726706118,194.49304696526116,228.70192561306237
235097013.csv,Linear,75.62589023832994,112.26194456775524,149.93623645933945,186.7795030353716,222.9620165658541,262.5042407376863,300.6389928814451,333.64434558018957,365.89962283152363,403.9841885254703,445.6291569653608,471.3550534101452,521.8689506196667,543.3462026689889,582.2951941059857,620.7712632780958,645.802842179792,683.9938216346253,740.1835655432204,769.4057653116072,789.2942206029572
305714000.csv,Kalman,7.822227201384328,15.461864511185984,35.40698913782504,44.82784079653192,75.31175784582648,82.19819174164164,108.42574565456783,137.00645383780073,197.34926657206367,167.4498186572037,255.03853137566327,271.226898992875,414.9060282403527,374.22483834493653,480.1929564127291,633.1596750158345,594.3577360428931,658.0985647725378,689.9259906485526,825.2316505253133,774.3536474928169
305714000.csv,Linear,73.33951752484636,107.72888639159085,148.934121500882,179.59900415282078,219.16655105773984,258.2504353435834,286.8325618375086,320.1694119915725,361.78466420069986,383.27026100105394,405.19428052169997,455.1667097473446,500.2374822672317,519.0042246965148,553.8748824942849,582.7150020248647,614.1086448395284,659.1474190697442,667.3842389189189,742.8430487128905,770.9327153055051
304519000.csv,Kalman,14.150928703445604,25.332162313937513,39.73691136940265,60.722305050046046,63.66909268864424,87.0724682737171,107.83612672129293,116.62820069232737,148.65070324504003,160.23328352111378,225.53947674970968,174.3088097501041,218.12684502615812,338.1277144911883,136.74729004621156,180.88086795809443,155.54914756915366,223.37498195370642,250.74886458634674,310.38060428305414,424.60926576019415
304519000.csv,Linear,53.19453546932937,79.238533206703,105.29554190911401,131.34486862383193,157.06377771224783,181.61883975099312,208.71239950609362,235.02410542977734,257.9197466832536,284.1247369574899,310.6654167267646,331.8556157690546,364.2122425542463,378.15932224444293,413.61010417381243,441.27835736594136,457.3558385841425,479.87936887936377,515.8036671877072,541.3150593931161,542.6866603425213
304927000.csv,Kalman,17.6209414265297,50.933356098798974,99.81648865011599,142.98324702498027,163.4766161839945,198.32656689133577,196.59986681796389,173.66064870430577,264.01107561598303,224.55326252381937,332.5568831449552,472.72936185644824,489.90108729851244,516.4556587767738,353.3778704712953,241.44364618288432,248.22819821742775,454.023641134048,641.8625984462773,715.2305562309111,982.8968955810593
304927000.csv,Linear,32.13996023079312,47.89153359748762,63.568694950317166,79.70962513156402,95.30676583092465,108.86795652160033,126.13468502949304,141.2583744256728,156.15159474344154,170.78172909655808,190.54974266012462,202.43581813963812,218.70769117016826,231.5617886866332,251.8975510833704,264.32828103992955,275.11572745912844,296.5032176930109,312.93618192463987,318.6745957299184,329.61785622656976
636092331.csv,Kalman,7.298710594032905,8.339394904822965,9.90415472388138,12.430937956992492,14.582669147658633,17.976034152657075,25.26436655508536,30.875378952752968,33.0029546666699,39.80704867511318,45.75877084416459,65.40986878825684,86.12652611668435,101.07470842526668,104.34385363441386,129.66054693787743,176.77738475477855,173.20375382733624,228.77658225584906,206.83578408908383,271.3879444086174
636092331.csv,Linear,67.88379624166303,101.97853369195931,134.41870435261595,168.93639694071146,201.29482908380044,233.82041023556047,265.6504385435318,302.06743143832443,331.7367760430569,362.0438290825403,400.1301691270691,427.85462538237334,454.7553557901747,486.35235252388327,530.6079939331762,548.4407555275086,581.5435068738535,622.7514327938823,674.7931405923867,677.3194760303753,693.7792831326137
224389000.csv,Kalman,11.982232935240104,20.60389538380667,31.819741428409607,61.28741044537562,91.76007862343388,141.02472534932153,155.7834051105726,238.69967075455227,271.1707091894031,327.6810181404519,302.69321161275116,282.92001047158675,284.27664665406513,324.3816024485862,166.33742859018946,201.27515854929288,254.8131524729591,177.746674429784,439.25354867805805,446.54424678466717,520.7270245343981
224389000.csv,Linear,69.57860409595517,104.34595445275468,137.74760769228087,173.7929775108699,206.31709705615174,238.28877493743215,275.9519886152699,305.127223822581,338.82352868365575,373.2943024704581,406.7424640325398,440.57939576073164,470.77275975454734,510.6843289167839,538.2645348752939,556.1459309097767,598.9784052472595,638.9009041863326,677.73956086803,688.3471154238048,710.0144985061822
220540000.csv,Kalman,11.52798028563997,14.808808773172961,22.636134278344286,36.576202889697974,55.2803502369533,86.17870249774045,111.30149660940326,126.75912219785259,171.5243331223294,192.35916710624466,219.55613956135747,257.62802196850555,374.56820275990424,373.9618603926744,368.4471439575416,482.1407184560332,418.92561498954933,596.837248761523,516.2025949376834,656.8269692235541,810.364426864097
220540000.csv,Linear,88.74886418177852,133.92714374239364,178.78518438604513,221.1611338058653,262.5901412490648,312.52303841317115,352.7508029633331,393.5618773591624,435.13079033085194,479.25658846510447,528.0213031111081,561.7063553706708,616.378440780155,641.6036652197722,693.7752146087566,738.5734586563719,759.9288671004988,810.1584338755215,871.2465239222602,909.8633030082005,927.6336355416581
211286440.csv,Kalman,14.224651607076797,31.035942848361177,54.867418410567915,73.00723379711818,92.32086582790727,106.2490076702994,126.11392498323347,124.12176644582719,144.6798704486363,228.02634696126864,259.3583343201891,293.649145789306,251.09829370353316,207.43798339074453,239.02234826993165,191.11472411427178,240.26328118425346,357.0179946820206,430.59088811116976,447.5107095402693,436.75515406559276
211286440.csv,Linear,38.068949273291906,56.51583060275249,74.69309238231696,93.7004331566157,111.81335817559766,129.89945000014845,147.28239044773755,168.33724705139582,185.03459864308437,203.2808822349825,221.1301783415109,243.9733916597931,261.5399824194776,279.6790340625706,291.8228820359597,309.72681877960434,335.21320620402093,354.54995123407207,365.89678151188195,377.2686602280153,396.1648690313716
207138000.csv,Kalman,12.984508476730031,63.7847415953111,142.13231759873466,237.36226823017788,316.86217149098786,386.68869752286025,388.838288987817,357.5745809441445,269.76962022911067,164.4586036297368,162.46106860975524,327.22625206888824,386.89574152185855,462.6864803021515,384.723052924716,291.27714105749703,161.1050139825308,518.8210430295144,763.6802025530504,922.0484637943878,1140.7164351948911
207138000.csv,Linear,37.40233541589271,56.156771054742656,74.05064268918193,93.493264588227,111.66927682840193,129.57570507894562,148.346092761089,165.0172088233353,182.80113052041924,201.71598719509282,222.2970187141958,232.87049153490895,255.08500930776253,270.9005538640468,294.3180277059608,310.73843945872306,318.524956472052,342.08081158821545,372.4488593862292,384.32353031733294,391.4094087507062
207138000.csv,Kalman,13.433226148873072,41.77040002845381,118.25384240565485,226.9644650398613,368.56778615356865,540.5985984455044,636.715802109039,764.052427043758,797.2976427210473,788.1461268692917,614.2753798598792,525.4425817545127,335.52811471567026,383.3203329564169,236.33103451418864,179.6734355760595,317.60674901951944,435.45181594510177,484.92103802946156,690.5925460114534,961.651357623023
207138000.csv,Linear,99.88431187134447,148.81169049178618,198.66505915493227,246.8650287198462,296.4681496713885,346.2752405289989,397.4668020368961,442.12470546593283,488.3795418096082,540.378104995528,596.6284633809134,627.0271766056804,703.1536429945224,721.756509757112,781.1447757112529,833.8098171091733,857.8934802097918,906.8236154435377,984.9553131362783,1038.096113531206,1061.0987324054022
215901000.csv,Kalman,9.331093323261491,12.70305158903876,20.74995383349746,32.12973899025351,49.98712371154229,64.48006058726679,85.74597984006496,112.63667033061067,136.24028111200272,176.71780726452084,208.22522386111154,227.61422548667628,250.5682582460249,303.1405455860748,384.67297330377374,358.26253861930815,393.8280547115997,448.50922584698384,537.4087789718907,613.4783497444449,568.4225310646444
215901000.csv,Linear,31.358302785455063,46.441867315238845,61.54494144033798,76.6363251234811,93.01296350405205,106.09614909855316,121.63290787132175,136.80758659361658,151.29427647821993,166.78212489530955,181.8584676315631,195.91809911471367,211.24725199597546,228.1218476982196,241.7867330414604,249.31000195738812,265.85482493431493,285.2248406139932,301.4578681756734,309.1008707929365,321.5636571805713
227146400.csv,Kalman,14.51847490853838,23.18951792982013,52.880637452530586,94.00208444318292,117.77990906866061,198.18177045538218,289.39557805877587,287.66662175166357,366.9308559493163,326.04485307340406,281.9951138878926,257.9036697727372,158.32397161458354,152.28386042675956,212.004772361803,169.99630533319856,149.1116010239404,218.3583898319733,474.1360326360138,484.9418775428926,717.4771185923685
227146400.csv,Linear,109.88074791077555,164.81402369139127,216.5770345921522,272.4844786190975,329.0834124152393,379.43148866698476,442.6218077768677,484.11384971637364,546.9593854381658,588.2838926472612,646.0966360840144,688.7284485964333,762.7082584021463,816.8068743838232,851.8724367452219,879.7009171496206,955.4108222922833,1003.7052037438582,1046.362221579987,1089.502299428838,1148.9051758111284
314237000.csv,Kalman,8.228800532098516,9.857964892708345,11.613831862362865,15.70836569301734,18.705884055222803,22.477747380530456,30.625803871511785,34.4201092687813,38.077420253466855,44.05937582058724,48.39378515609927,55.30930647089397,63.81643417316125,69.89099874056299,77.29780644425588,87.81114185026931,102.97114558696188,111.00029287005188,126.38131996535202,136.09229858525222,144.99478388071225
314237000.csv,Linear,37.24263503002132,56.6265590672478,73.29693139234944,93.8426334764124,109.65010517202246,127.98411982596106,145.9281181756181,167.09262086831606,175.57446954564776,194.91240455580862,213.50691820976618,229.34176105785343,243.31613942526644,266.1786762523454,286.9550547158433,303.8875493930453,317.22023609139336,334.01563256799335,344.97104671488677,354.9897653837366,361.95600312430884
565494000.csv,Kalman,19.90347570366022,55.21086304548364,86.75290975648578,166.41691600922982,171.47541872205963,203.88426800902326,169.88640277084667,293.657880569514,287.6934219841912,282.2932325974545,402.2727895918561,414.9481012975651,537.5986091309292,522.2364471262069,370.6446414878567,440.59057565333114,329.83413278890714,438.6264157766926,479.814442577136,783.3102958507615,653.0083406989422
565494000.csv,Linear,50.03540929941785,75.46978596207656,100.19060743453501,125.71065953952835,147.00633998484295,173.67944047863244,198.2752165356482,219.978921057991,244.00108381812515,268.3729889613767,290.5039163521539,314.96153640513495,338.63421930539454,366.7803925559592,391.60021812703917,401.661674747411,431.4410969515803,463.24539591213994,486.2261623467307,500.3364305311676,516.2087681293073
244740921.csv,Kalman,14.241812910703345,40.19086564796875,74.96453479775704,105.16297354723645,165.21543291954302,142.43584007568458,183.47885908993382,199.30184247477612,250.90306700661742,193.78095342664884,341.1955613478934,343.20677340662775,232.85448601050072,258.02515631897666,312.9186834465382,316.0684869394724,316.32884953959126,414.52433142225306,471.6970449152249,576.2887092807624,656.7722186113423
244740921.csv,Linear,35.86699370247408,53.49244262583744,70.74662676726703,87.94090910292468,108.16625600482622,121.8657136326992,140.62934273193437,160.30193840234745,175.13228302381532,196.55860257627234,210.99026239000622,225.36400711451432,243.91990259655103,256.8762528654743,280.3379435013918,296.2673366923001,305.2058638265646,321.4016005691541,331.8824274242627,353.0668797570962,370.1345386420183
227330000.csv,Kalman,13.863705836040527,31.989397913776504,99.16231216941348,204.99428668225173,337.3712897801025,467.95773057846924,594.0515550806366,653.8798704907603,676.1487032978587,642.9717781192917,608.7462144709488,446.96585602660775,374.6504509362012,249.84486706116232,148.90353497027183,244.71579905810697,317.1664038263087,397.0537890999793,664.0665281479131,973.138079994611,1345.7971710957515
227330000.csv,Linear,94.45420555778891,140.78107297423716,189.45771858946563,233.9991232561575,280.5894645897066,326.3927561240975,371.90390753092873,417.314462590737,465.13793384982023,507.42531484829885,560.1972926694511,608.0267434075525,647.455079486063,695.5040165238524,756.8610467467335,779.2501425326867,831.934337778675,881.3799282645998,927.3444738702173,951.0688611655233,984.702870631263
227372000.csv,Kalman,28.404119229393697,86.41686560505752,154.48737673260024,255.70359567550653,344.91102339309055,475.1849357615364,466.67575120175485,411.87848592214135,583.1946113211593,454.1270367733015,700.2943544018328,771.5340683623383,670.2802422340335,877.242142414811,629.4568714140174,785.1303952733853,1427.054176090284,1538.025112776188,1476.6137650375915,1600.9297298921244,1533.9486264021807
227372000.csv,Linear,141.20082912721352,203.2127052329918,276.6192448712223,336.61691293457176,405.497841162318,489.9321185655571,559.4498339722986,614.0922138893657,713.4284095756872,727.9710036081018,771.0662818154431,866.690988114932,945.7103679701474,1016.5967430163595,1063.2405914276462,1173.3770696538181,1187.8815556324162,1226.734748876197,1232.1978245921325,1248.516553743321,1339.887794528529
228130000.csv,Kalman,13.082388070574293,18.689298103082212,47.702558299565005,73.98085097376696,135.41952240114,198.9670686503513,223.6163433707114,214.07898421157265,361.06530467755385,262.2135001497717,276.91144572646255,186.18527383822808,217.48934929294384,171.12376487949595,132.8798160798386,142.25580245047237,270.22805891059136,351.9907019456478,334.06958242638063,475.37244789759285,549.8261645334178
228130000.csv,Linear,116.49409332695076,174.97956429751883,227.89069117662848,286.70327686557954,349.9523176217747,395.1908302977148,449.74206471148204,509.90734874118897,533.750239602287,601.3163884315665,668.3517036239358,724.0413878963383,776.4416209172954,814.65488822619,892.5509747175042,933.1153405774121,945.1973296251905,1009.1484600466908,1058.8466458091302,1104.3669908900558,1127.769786335508
228727000.csv,Kalman,18.978458951312618,75.98859032407213,166.70120569461923,271.1111693969155,363.93746896687423,428.9847281153601,447.4599609113475,422.41926442705096,364.780500762276,338.29532270606853,308.2213195999047,423.36731877481617,463.65893838329805,510.65419610842787,499.93919193011925,437.87639801433846,585.2252289457718,841.4978201830169,1061.131195387037,1235.149041271315,1270.89351774838
228727000.csv,Linear,48.08190121376068,71.2999269009829,94.29355041648375,117.40615828258257,142.84104551977538,164.9106884914894,184.22283685164382,212.68211020603036,234.47300088225165,254.40961002612892,282.2536893458178,306.6441828833709,326.00470855009536,339.82412468098056,372.56689512382394,399.4668444019925,426.6549655932142,451.85851769676606,458.35946786867146,478.31899053035056,507.1491817732933
227988000.csv,Kalman,9.114267076847915,55.748695419065484,131.82518438005582,223.80653322470872,311.3366382746512,388.82468241339524,405.0019292453457,388.8286765721925,318.13312375963534,233.59559699400555,152.073409788407,214.10352528643912,278.60481688212985,353.20868530489537,309.2724038247051,246.9364560546448,265.40604033000324,540.2830619435762,762.4600245762673,930.1125601729331,1114.853272251067
227988000.csv,Linear,46.82783879889935,70.2682796932988,93.20621126016893,115.66659316462355,138.76887107780723,163.24474530713462,185.32739521159252,207.30497966612106,231.43161463833437,254.85512508740288,280.2447565042419,295.8401491661276,324.39963872240713,338.00083507992457,370.3103995300796,390.39811089990326,426.68575669514195,451.8942302092362,474.3119462819714,500.6296544108472,513.6653142850903
244925000.csv,Kalman,18.80035301781333,37.12084876437676,70.17791168052884,104.25978345197672,154.38791456587444,178.97201986308374,260.72157523931475,339.17681330883147,393.37656417303356,474.7009107203914,549.4326101281808,595.0628752530919,643.6848198212336,657.9639741455193,735.6951807914763,693.8993734657373,754.6864976316966,926.3039232437812,886.9798799369413,1247.1335206456881,1675.0785795924457
244925000.csv,Linear,26.787808037145638,39.1463707671194,51.10283151905856,64.35911280486167,73.85004939683155,87.97305286598372,101.87736574952237,115.94008002298133,124.63264130501838,133.56824537620778,149.03230911381013,160.1340235357858,168.56961029892435,182.3707973267024,191.8023272268516,211.07910189941825,222.82611981519318,234.96181357382926,241.710948515177,377.80712252402276,394.01157001906347
247224200.csv,Kalman,19.82822439967701,42.307055361592035,86.49513459605437,120.46785408083113,178.27121989093627,252.97219067519248,340.9518124649871,386.1852783592387,489.47644489081694,535.2395780544894,689.4325787895007,821.513208393353,985.7810204495502,1006.9583686191304,1029.584575992165,1248.9626664300636,1521.196365838968,1461.1990458141506,1340.811289895522,1483.8513327300204,1752.552170636877
247224200.csv,Linear,66.75152899760896,93.21488867541252,126.7665608285558,149.57196407517836,186.36054419924002,214.10475341176112,251.11311089864702,269.6373158224246,288.95201128488685,338.9460196692495,347.35738366531695,387.9106003173059,415.43407815548414,424.1272319621764,447.2797647111612,492.8803373581324,526.4871343390128,544.1134078948295,575.1034192781646,591.161050286681,628.5395706731739
249104000.csv,Kalman,9.772865354714993,12.516551001043037,18.978508355244514,27.109658082232244,37.64602835264031,55.745278331552484,77.91271492738646,90.45457650183975,115.25916590036017,143.32252769824947,178.7222648862067,212.4467332102322,248.94313351275127,275.8908262549864,319.6637631318024,306.8280334222597,356.20185450355405,441.38976743205535,468.51495217111386,537.148190326027,601.8541135965078
249104000.csv,Linear,44.68575747501661,66.85291052789947,89.3862060974407,111.6458135203092,133.02922216334392,155.51453128463487,176.44131470764475,198.5397928319218,221.51462193311735,241.71797577791395,265.5957369784238,285.7986836967007,304.1557928913305,329.12115827279354,357.1228070979507,365.73392563115164,385.40290010889424,415.2163368659101,440.78240483350316,449.7778798916649,468.99212014537034
518866000.csv,Kalman,9.700189222993629,10.670685948386872,14.735341315473423,23.825723668289204,33.77073821768178,49.02765169929463,70.09766641123764,85.52679728874286,109.51467362424708,126.91779394597506,154.92356742655176,147.30960615592534,200.78288448625813,196.65953921886697,295.2812736850696,340.9513486214843,275.91861155197336,523.9179640962864,422.44971544723836,545.0871839741794,542.9862745568993
518866000.csv,Linear,83.66164755971268,124.40277980075413,166.46180650890614,207.60383921500744,250.04010854200038,287.21283050696746,332.0157129856148,366.78428818372294,409.0400937905578,448.223971428941,493.09571614709205,528.874148194082,569.9943557440871,605.980366653008,663.2322159341688,683.7394877355749,722.9152048377325,772.0290028669647,818.1086110106198,845.0684174885237,870.3320128822058
276700000.csv,Kalman,8.804638417304002,9.805928971121135,10.930354809434846,13.528330158628611,19.167548182698056,21.4124112986064,26.795759382600902,29.29504196606323,36.25912715079151,43.17608019125495,45.60356245322715,53.179129854800074,61.48270467491112,63.173313348850655,71.6291215423367,75.20824775895869,79.51025862957324,88.15688011935508,99.29851720241727,113.70269175291675,133.94458641708374
276700000.csv,Linear,30.535316818968997,45.40917612944411,59.3426271828904,75.38688889056502,89.99010446170033,102.74305336090158,119.25252444183245,135.7659150722253,144.2534041517447,165.95905167853996,174.23782120129772,192.5988747171831,210.79893665316447,210.57511814198654,233.78438125339207,258.18398084534624,264.73843166456,265.0436238337397,284.09049041564464,300.0914093737121,314.0329240851657
577228000.csv,Kalman,9.92504351546866,14.275197525231766,33.942882476967384,76.07497727129942,124.61147733325706,187.77877309088709,248.12038082323775,281.50946420753394,296.2230544662774,302.997968280917,273.0342625776567,224.18231182714985,173.19685629708508,138.2923850856587,165.69933049080652,200.06917687409106,208.38850407988164,245.24371571320233,373.0013755815277,548.2725898545623,653.3446489408809
577228000.csv,Linear,44.52868598716828,66.95180538465173,88.06048854847374,109.5159690700821,130.96938427181888,154.35793953273853,176.40334120504698,194.9930358652973,213.42117046204106,238.25948079682158,264.1562034093699,280.49384308323516,301.4623961547469,329.55513391474676,334.15474597328404,350.85763994708526,380.8139140271837,402.5403596030345,427.5803110950448,443.99554252924366,461.6627533419756
227558000.csv,Kalman,9.209855977405372,26.592844849906154,77.58768761877947,160.9403240782828,256.1399175780987,359.13809238909215,463.2163005225309,507.7833182154301,524.1658195212034,522.9574880497495,464.645609472203,319.8633008107908,257.9447371407916,203.8843153009886,87.54150907923872,154.4271065552824,269.5901511626075,282.934131734173,447.33336126679484,564.7546073059594,868.7437231001683
227558000.csv,Linear,69.66723680418865,105.49505171624503,139.23237430571746,175.3823014576133,209.1163642425921,241.32374866500405,275.10272754960596,310.4039788917212,342.96389793849266,376.95570202616557,415.9537822254726,446.9184480724879,484.1217229415622,507.66412515598694,559.572950564017,578.0955300885861,602.6922105609049,651.4612395478591,709.7761491144873,719.4050803951708,733.910723358556
227364000.csv,Kalman,13.769850027463294,19.889540787242602,46.99405766217892,76.81407275296344,160.0701041243321,211.52329551793278,236.10545429828628,260.33168982293404,293.0125211099851,275.6638027240528,275.6759073273653,195.0655761563268,250.5083221694267,110.68495096253213,221.54609666583096,248.3693893896378,287.4495494775571,136.28322624566542,500.40388322680053,583.1378823993682,538.5699670511923
227364000.csv,Linear,111.33198741362287,167.3703531268131,220.6878898294449,274.94986233805884,329.2262714576837,377.09724183531046,435.62495681835503,478.62719983142415,521.7245088951197,581.0113031398821,638.8996931710457,699.375127260962,747.4687494806112,803.3944123982924,857.3540619824316,891.9474802592146,937.2532151721812,988.7648169905449,1044.3475504774021,1085.8692708641447,1131.649995061038
538004506.csv,Kalman,11.147618014743069,14.037740005117884,17.719719714417984,22.558078120408805,26.830256507751244,41.32732187244134,51.73234474461558,60.21774409882753,70.11132951284476,78.59338427946821,93.31990594421775,105.4076246169185,123.14109079092019,133.1127956778496,143.30518621510308,158.4183205476198,178.32860389491486,189.2109684070603,224.17050837927673,246.68969600696934,282.2001859338451
538004506.csv,Linear,34.058362002511906,50.60138487115519,65.95469113560713,83.25124860156616,98.08797387523859,113.96458285893439,126.88065537922019,143.49320858795414,161.92188820902888,178.98136448813446,191.72445081559115,211.5723867770833,224.79926741659634,243.26478668154107,260.413735976386,274.58462249528486,287.26917720942043,303.6002407815226,323.82897317534935,343.26075054173555,350.94836444464346
226105000.csv,Kalman,18.614428852885418,29.062037033456843,76.17003679073143,134.24724337026166,249.698616960056,376.8204159542456,351.69010017359085,487.87089652638065,653.6025047850873,436.24757139866034,423.9041552900944,418.5898450270467,304.60527016740633,177.45620632031756,269.6090701386514,297.67727641511124,570.6714938292064,699.5851868928954,729.0252704504544,860.5369452795846,575.7434220787517
226105000.csv,Linear,131.8621391835854,196.69877906115707,260.03559337132896,326.1407596158603,392.9565306779202,460.17430653866757,518.4621986272614,584.504408424026,637.9254942438844,716.7613586855184,758.4383805950679,824.0370793313323,885.5669339326203,948.6829391231441,1017.7364109010961,1069.7779280242733,1119.103749602002,1199.432978687107,1286.8853678463736,1337.8647492727268,1385.1705536670074
235097013.csv,Kalman,10.626721645151873,14.298722818610182,16.27268174355989,27.326284623967325,66.05358969086535,75.71033717871195,103.67682673167319,142.69990875878568,115.81453121469687,169.11570288051712,158.75012862326545,230.54690298910654,190.00844452516503,179.47249546175158,219.71241988334017,191.22512578048318,154.82023144822355,184.3426763055238,195.86762497117746,210.6614384302197,228.30484888157739
235097013.csv,Linear,75.62589023832994,112.27934797201964,149.98141964532627,187.22393505952573,223.34938809927016,262.48867229886315,300.44575100102185,331.497371969531,367.58272200057473,402.4063776041441,436.54692103838744,483.34725794134187,508.08759939803855,559.6940841045414,578.5877516113699,614.1888103651196,662.4338202168842,677.1195081891916,711.0396996305578,759.3556171450467,819.969112174337
305714000.csv,Kalman,7.822227201384328,14.846932159537687,33.12625573287258,43.898803985747186,85.29181377745519,87.46657916806141,114.93741433696512,116.79841718303325,129.09349730577142,186.11350554151412,197.7265157456035,198.76334082680796,343.0923523131539,214.24433533586753,457.37140007616523,459.1744527226307,537.262337515174,527.5757620481877,578.5996364313196,609.7770401219077,750.2349601117653
305714000.csv,Linear,73.33951752484636,107.31576593308638,143.39768231257523,177.4247827888241,222.22163609892075,245.59008907702378,286.360160275445,321.1782800986783,351.5631215034539,391.83217230406603,425.99886839613083,456.5048409873125,476.9417051030893,511.79019828958576,565.4055414682464,656.706441372566,671.0662176158594,707.2645705841633,681.7205094925456,732.1189518476832,755.0363913849137
304519000.csv,Kalman,14.150928703445604,25.422731199140006,39.26523657577419,63.039458846498086,62.19873938763691,86.59843245876017,122.38884676230919,113.27450476724732,194.73567840997265,201.13138286218538,150.2849249527976,113.89034753358851,257.6657908873574,309.2278093626573,199.97825241602425,139.78334318689718,122.98427838744318,158.9468203507367,270.0449692855291,305.0010536766291,343.7529900854365
304519000.csv,Linear,53.19453546932937,79.30495269877954,105.23822522312467,132.30400794350578,157.1004000155443,182.37103453740013,209.05786768623983,233.9926189436321,260.53634869253534,282.92435848407956,306.55261761131857,341.54838881474984,355.86973738356755,391.7498356541121,405.1112677120808,436.3289435442392,472.37098156172385,482.0653921858847,496.15217208798487,539.6435154613496,574.4122173479246
304927000.csv,Kalman,17.6209414265297,50.46843998903805,99.39599477392373,150.98235490219318,169.12755043364,182.90617783761778,196.6298097054295,192.84672409099832,199.75118059203783,250.64078406624907,399.29012623771035,482.87431521291757,498.92446493256784,480.7740846895597,387.69933179701883,174.97623071074506,299.5651323636411,481.3019322402735,625.7962887832269,725.110596973243,815.3629901286155
304927000.csv,Linear,32.13996023079312,48.00688696161002,63.4159317305503,79.20227635304714,95.13076337301968,109.16962966678106,125.20951985492584,142.64473541508733,156.6803215233067,173.37963072477456,188.16256168586906,198.81567565747807,218.04048379323368,232.39208617334836,243.99529415057052,268.86278545242703,277.99455297932485,284.07403823048566,304.378981575566,329.856696187223,341.4705023940484
636092331.csv,Kalman,7.298710594032905,8.126505882539744,10.522451687184354,11.936962832362436,15.92369069112016,18.19369985973533,22.147043500202553,28.31906893871235,40.5791710598497,47.52104773413558,47.126354605103536,72.17401699373815,79.63335869306823,86.73314117313457,115.09257190134709,128.48500929682316,143.21952396492836,179.24967236447353,178.82740148253092,270.2995077778518,266.3715364407043
636092331.csv,Linear,67.88379624166303,101.70027108612346,135.22996164516522,167.08668902356416,202.2570137892422,230.81854045252877,266.3438881586639,300.14437818949244,335.6828948525283,369.3766185244739,400.6564951319034,420.18602402781835,458.4860882347128,493.56778044690293,520.1585989443514,560.8457994126728,586.4597906149048,606.3299573802518,652.4905141758154,700.1598460554576,723.3918689677097
224389000.csv,Kalman,11.982232935240104,19.974481182498046,31.302429399054823,50.54251778752073,119.30613123290047,125.25504887621129,184.38274394809446,210.0147450646666,290.7574477220253,366.0539770955287,242.8105631608212,297.2976419669313,272.58060955952,142.4940964039706,130.571132689372,181.7105245945195,205.8506622149149,165.54329334261973,282.2814435283068,340.46782815797667,482.6116628406631
224389000.csv,Linear,69.57860409595517,103.83292775828276,137.84809405985135,172.79534611868314,205.03165208959726,237.2251625351365,277.41173553667164,307.6304610951929,342.2135679952259,372.6086800934553,412.15372148422665,436.3847123932013,483.238658839781,513.5888513077035,540.0793170463137,575.0256088722106,606.8806433054347,633.1877677916613,680.560215096855,706.7630124271803,734.4682121200464
220540000.csv,Kalman,11.52798028563997,13.481225657113018,22.944611979801223,35.7029291306614,53.06325663267215,81.95485317816632,119.2944307013816,131.0000609949957,154.6141336253191,161.57473062471954,177.07826440459297,248.33170737098888,351.5665474794518,444.08617032033754,245.23023902005482,468.9186299138018,472.2764214791718,541.566092629999,551.6431623522656,388.958109740911,1222.0637717079335
220540000.csv,Linear,88.74886418177852,132.5416857665015,177.62188129076972,220.48397220588802,264.55203481733105,309.0199279363682,353.1694934264964,391.27305966612204,435.84538994802864,476.827802678415,518.1531339945191,572.232817232236,599.8022142979268,659.5908044162361,681.3084355632068,731.4851793351841,787.6784373142813,805.0612461921919,838.4421773631062,906.9126308385415,970.3969353542396
211286440.csv,Kalman,14.224651607076797,33.71966003260578,61.10241253040431,87.36916492795365,75.58986481587021,124.05359238320447,138.17084887236786,175.66899192429872,149.73184916694422,193.69074024515868,205.3325577503996,277.42974154505123,246.7694436942474,219.98658724914296,170.19380141178675,158.37298183797023,253.12634989363707,395.943917955096,518.580001770503,345.5517312928158,366.4138773609837
211286440.csv,Linear,38.068949273291906,56.775394736903245,75.39152961075987,93.57939241849097,112.96372079962937,132.2764444214146,150.32412108824232,166.63405060449188,185.74041090069284,204.6178803332653,223.98429083664587,245.25298364925106,263.4040722922653,276.2333667683837,300.6272597922815,315.09831114793695,329.1744356700319,351.02369779129765,379.12624688894135,386.1849068020625,396.1185182142778
207138000.csv,Kalman,12.984508476730031,63.231707074775976,142.72768007891392,238.03661137653904,320.532595066437,386.5716536255444,398.6704936486115,341.737437720093,238.4707977803051,147.71737219585742,212.93311470859135,272.4419411726118,425.7709002613652,436.1739578952351,410.55445231276167,304.16032296502226,173.2116052168011,376.1332635667459,751.7375671386588,1020.7723476581657,1391.1453072285394
207138000.csv,Linear,37.40233541589271,56.199033148758836,74.08754710814434,92.89673890731906,111.10601490466033,130.53508564689065,148.77259020743554,167.23152543153313,184.34608641078194,200.71109442922676,216.3406617603996,241.92256499806516,256.41243740523913,279.84832487991974,288.0826218199648,314.6908410255935,329.28482414260975,343.3437983400616,361.62369730707474,384.9767297921138,411.6564846974428
207138000.csv,Kalman,13.433226148873072,42.33424702577299,117.67260908489384,236.70127308187304,375.51165011016,540.5585595786685,683.0378591732681,743.7757431304934,760.7318396290639,741.0888869003946,688.9475006687985,516.5815970931051,397.5573440153703,258.83883502661445,354.2256781473899,227.5358030799426,135.70576244456626,358.5420141868062,661.8361671771273,787.2024879451762,1250.2277679880547
207138000.csv,Linear,99.88431187134447,149.32272778744306,198.36490746216316,249.29467732587614,298.39343314046613,346.88407984077264,398.6751585308309,442.51219915675586,489.54122619172733,540.5039241407236,587.9506678821929,646.8188647877304,683.987789239802,748.9297038361456,778.3951614255787,829.9281807366517,891.3203816348721,912.6516239172082,966.222509676492,1029.9867111395706,1100.3187670740624
215901000.csv,Kalman,9.331093323261491,12.51491829334121,21.148651874137958,31.891342264348754,49.149650201126775,66.9958500470468,91.94432107529829,105.75703896327119,158.90925856324478,176.23173965434728,194.3619279565288,242.46791710999676,262.82476923762636,341.86365683180594,363.60022538207437,349.8861872886968,424.8988280273315,516.3055525467983,525.6279756431711,649.4966396939207,629.2322423856829
215901000.csv,Linear,31.358302785455063,46.461597308630445,61.96143148852552,76.42664215108837,92.632069137719,106.78952787249375,121.25408486197036,136.12856136697366,152.21184705571733,166.96991871012125,181.19688798582487,196.25311604418644,208.85121033120464,225.2883548796135,240.18971406204608,252.7756707220138,265.0070162551146,281.88027698199903,298.1904669913265,312.9163158473717,321.6190930858082
227146400.csv,Kalman,14.51847490853838,20.885486250070667,42.517189195433346,91.17496914340784,114.19157726002626,211.93053174475256,277.1679449354114,301.41134231411127,412.9647182704324,219.92995529799646,173.92981891469069,238.8776070251956,232.25481047225347,110.32951989537052,85.66715881429113,176.6949232280125,131.41544837091357,249.5925058771251,193.54518973045685,219.15598623592098,419.39012167715975
227146400.csv,Linear,109.88074791077555,165.04710002419918,216.36032454890534,272.4847581674865,327.3772915326712,378.38340222589557,430.70476810068936,482.6786238426177,531.9840086116711,587.3327506752381,631.2090411655986,677.9529492285529,740.2838734078183,791.7111230882741,863.9244485185237,906.8287983062925,918.6492814298575,964.4968443674761,1044.4044287965291,1093.0324345842855,1094.615296635422
314237000.csv,Kalman,8.230838809222817,9.819735566346326,11.769789017765056,14.461961420024236,19.6589566231957,22.57251001737581,26.98687000004488,33.38812453095252,37.33159152158271,46.57247913569102,49.40110684579274,57.3794652882551,65.15835751633624,72.34032748263354,80.17171660093557,89.25847227401815,100.90972633941833,108.20555196192812,117.57384122639971,133.01783475481534,137.25821122447772
314237000.csv,Linear,37.20532218199322,55.19040870326508,73.83952282144588,91.27085605647359,108.93776216179616,128.68446040550978,145.5958704265218,165.24145042877288,181.94632243208173,197.66131058565236,216.0498229575078,234.9897327400953,253.9109864497313,269.84484860998725,288.2903889620419,307.6958857360842,324.8878047787096,347.85542887170993,371.67379154103025,380.9030293585988,390.6893456146775
565494000.csv,Kalman,19.90347570366022,53.105834932165386,87.50793820321609,145.2063921720334,177.71686577672588,181.29952782581222,166.25776291566788,261.9877938321962,244.94291630640393,388.0970255716201,346.0813529307442,350.8051339482571,496.79281249631106,519.0479402630344,352.8509390073922,371.7682767907144,350.63476428189307,509.1502282272945,714.2348093895667,817.7799173076951,597.7949099368975
565494000.csv,Linear,50.03540929941785,74.33024074283755,99.41287708154626,123.9327586826949,149.15673961585875,172.4370798335831,197.37105267149178,221.05597526957806,243.52248722774445,270.1465920806158,292.48105937402727,319.3262807456333,340.40973677685446,367.67487058219785,391.38785793736184,412.099490801699,428.91134894489755,449.1606690295053,470.7122959073021,506.456750099137,522.6566315047351
244740921.csv,Kalman,14.241812910703345,42.85579786543001,73.93328958750662,107.61702072840313,143.4394268421811,124.81552304248812,171.9663618025615,188.57077415703887,270.29000168916224,232.50224855680904,284.70760574347855,281.0342693569266,295.2550993286968,235.9784674867038,249.19589107035534,297.8519234477318,405.14681203100133,309.6317931781915,471.8644013304857,593.9804413546082,618.0299855679579
244740921.csv,Linear,35.86699370247408,53.22114311913141,70.78301514113308,88.38140220296646,104.91368010069488,122.60202502292384,140.12321790192874,158.24573231582755,172.1364653406637,191.7286937583683,206.85089560761858,222.17234200050333,242.67407381590695,255.97262619050866,272.69034182061125,286.87752707558326,306.86714802675834,323.2278843975849,343.1370123182463,354.4160382785983,363.63770530533213
227330000.csv,Kalman,13.863705836040527,32.41472320417187,97.97540924741811,205.67844312926127,340.29642060015175,465.7360627246538,590.5151492914218,675.8885637192747,692.2597687379443,662.1120313743929,567.8248433947114,491.1803161060373,314.3215379077334,270.7046602279804,194.04320564703318,127.06248283233393,279.98395743989494,542.3489017547048,747.777756119365,1083.4276528530866,1287.5916655054532
227330000.csv,Linear,94.45420555778891,141.17850625418717,188.53104947997534,234.4377845220241,280.2659117867427,324.67804785730607,371.98830397603723,419.2371719463272,468.05251032393727,515.1337594330685,557.2108998837018,596.8373469537022,655.5391332479115,697.3561229423286,739.313852810723,798.3658082109142,821.7177253414119,863.3071044102466,926.9356186606736,983.6931562572294,1000.0267648049941
227372000.csv,Kalman,28.404119229393697,83.03380437673852,174.2949853830761,245.28120493537148,333.3167253325636,525.9120409556596,494.87837124315433,516.7469491119745,683.0719516259908,549.4294169090653,776.3864715578278,833.6690049950573,527.2446368771214,700.1141437973756,552.6590051617112,863.505582541275,1566.6078084848582,1952.6964468872525,1680.6717699336823,1717.6316513817965,1666.6779532490948
227372000.csv,Linear,141.20082912721352,200.1525383220186,274.19212036793294,348.67326093395053,405.2054641335843,488.9579410486616,577.0923149895033,622.2353596869789,692.5117845065497,751.3827817155188,793.7358299933977,894.6045452474063,970.2620201702306,1051.2634950619836,1118.1392808343023,1198.1703512424388,1188.2947834982099,1245.9055387483154,1338.6940010860378,1397.4834452728735,1478.8445267389232
228130000.csv,Kalman,13.082388070574293,21.7438576233101,46.02583642113531,79.03694270208261,116.51789124866937,206.44649715431783,242.30936212047598,275.05839633897506,330.39836098134265,249.9523825732395,206.12775552421166,311.7784569487816,141.59328618875549,209.2737405350712,159.189348468018,123.82759860176232,188.02830415042274,418.3624177141007,473.46759842188254,433.84102878568183,368.789439637633
228130000.csv,Linear,116.49409332695076,176.16731547432377,231.07738583822572,290.7313703845376,345.8843743014959,407.7760370061723,436.93027441619193,515.0631563829504,558.0256519071627,636.7916303144772,696.066969150076,747.0114971610617,759.7473964705805,797.2488865136274,847.7273549870451,909.6940764011194,967.9605472577222,1035.0423643824404,1106.5828349052397,1157.3704969651578,1184.3136907087746
228727000.csv,Kalman,18.978458951312618,75.57078398296366,168.01717002964276,272.09143655602486,362.44747105210865,418.2082437902162,444.1974573621598,423.18756309144527,354.61807475418334,322.33222061174075,330.5396066963049,416.18634716089093,496.9942486005342,476.8360691807058,496.21853475803834,488.9322639058261,640.0095901779371,960.584081201188,1132.2289099347147,1275.2917085841586,1249.864778654505
228727000.csv,Linear,48.08190121376068,70.67043300487745,94.59364445180042,117.64813825197979,141.4994162515258,163.5830195840925,188.26383001889462,212.960933029644,234.23485373718995,257.01400835953876,277.42670664831314,303.4565977982846,332.5658701079166,349.41221708466907,367.97762270592125,396.20178548028144,424.70021101181084,445.51664283046847,457.93411711772154,490.4082022609301,503.3095457760092
227988000.csv,Kalman,9.114267076847915,55.22469395418931,131.09271820557862,225.9526439095351,318.15274653983295,388.70830959040023,421.08671426148317,391.54486149426936,313.10176654108994,229.1396233343432,179.68168203436474,178.10039593868606,296.4543964871337,329.0403097326912,329.88948646964553,267.5279110147029,211.69055473954458,464.90001815955475,773.9940413204083,1011.1815102580146,1271.1367881566507
227988000.csv,Linear,46.82783879889935,70.29044962321916,92.8946831010937,116.74782532177392,138.75852806105993,163.1737271612348,186.5619078618752,209.2701824830011,230.99239589421543,253.6207846672371,277.5608196646198,306.00201175633254,318.94099616506315,344.6495881578378,364.39650689699187,396.7791023936728,416.7797271702095,437.36646846254183,461.67077110161324,491.3544808036615,512.3622360549537
244925000.csv,Kalman,18.80035301781333,37.63627869384067,69.6202424170875,107.17509397013458,159.5367930956023,197.70209534412206,266.24200495078696,349.19084964234975,376.0390544932636,450.13621496798413,534.14781743107,648.7967083826585,648.050847233237,676.9230383171578,784.2567420108425,765.2119920277987,841.3727655195004,964.5461057288277,951.1117544046651,1010.299071535463,868.794719744867
244925000.csv,Linear,26.787808037145638,38.58398751931147,51.43314306121732,62.959702682379685,76.5720569726624,89.83815686969069,102.91292366993525,113.26932125469159,120.51709875966733,133.14812496877084,146.29497674444278,158.35031634631918,169.87057041175504,181.50784985595124,194.2524951413277,196.96557628605103,214.376234305582,227.11641783524942,239.37241509566485,249.13335745283405,260.1055556952481
247224200.csv,Kalman,19.82822439967701,41.76264039723451,76.76772920448428,126.08688150358654,187.38994446242168,241.2250500995346,319.91217086512825,389.9768477342101,530.3152063133142,678.1848753634046,749.2048832642581,807.7507211072093,981.4802809494739,1219.3394281291253,1107.3834197418535,1308.945146757471,1612.121687146373,1826.0707528224532,1634.033731559494,1802.880324661173,1623.5520880339786
247224200.csv,Linear,66.75152899760896,93.3579358665403,123.48160577879159,149.4729034467777,187.79570099852225,209.02498149870993,254.32987238505336,253.56609518763793,283.0012606924289,312.55017947990876,345.3822751335835,368.8853299604588,394.6515971382277,416.1372211194191,462.89687803544916,504.8969064123188,523.9473329308024,540.7065983869164,560.219093051786,568.6924699115962,635.9850640669295
249104000.csv,Kalman,9.765540440765795,12.721631444392983,18.92790322999327,27.05601602168731,39.33866616717536,56.159434204183945,76.44123223005242,89.38291218131857,104.97764912998186,146.6039005406193,165.90012395890807,209.44247186978384,213.66315223183835,289.01064346080784,327.42007524508983,294.6999700611427,377.11989449018165,427.5787419438255,462.8085579768751,523.4768576789896,547.2536432868055
249104000.csv,Linear,44.695666826705285,66.96898648985999,89.2131297646293,110.43070387519445,132.7298894471974,155.34563592874525,176.20609881974158,196.97510425900975,221.79590578330684,241.75289254646674,263.4600038950764,286.8729953978068,305.7974669014399,328.5410498606411,349.9909526581462,369.6720375115361,389.00357922054883,405.492462931573,431.8418488858052,458.81155590732,475.7000775185578
518866000.csv,Kalman,9.700189222993629,11.20106941065452,15.161936932113013,22.58588472685533,33.59368159052972,49.94435292633037,70.04365860653832,69.85186271856861,112.93269732806525,93.36172150510632,153.5010901045586,155.86130207944157,219.85958884877277,213.92108521501711,290.1146717369135,308.01797582479134,423.16905114558807,562.673769564884,418.1292165934641,444.1387416032925,645.6402622590879
518866000.csv,Linear,83.66164755971268,125.53149264826527,165.95172362858295,209.27652931822416,249.43973079030917,288.350775247463,326.6841386814506,369.90812048771227,411.0354895808496,448.8568325728707,485.4569631661042,528.985111774373,567.5997019846568,604.2575732665185,644.4983838686422,696.5297631267712,726.1312104431698,759.6569505650472,807.1070175704647,861.7315191274445,886.2730469053313
276700000.csv,Kalman,8.804638417304002,9.81842370655207,12.32077407456041,15.194611050435077,16.65751677315955,20.479613378195896,23.314695184161405,30.699227649805074,36.38723769274035,39.81078510148394,48.063470376767285,55.75775295123402,59.574542733126854,62.7153574096214,70.47375151298134,78.12103998196699,87.74222573334578,107.37399084876617,105.19061389703022,116.44792696269913,125.52467661771396
276700000.csv,Linear,30.535316818968997,45.75833735426542,61.71355050783002,77.64564879994668,90.51232456244882,106.93970929526121,120.44170377703897,135.64424274712772,152.56802553593784,163.75851642766705,180.16204797441299,198.36522599699623,200.82679629219362,222.87823894217945,234.20631890067025,258.82180558029927,274.5659750400192,288.5862186777446,274.3548651940754,301.5066107653306,317.04857281358306
577228000.csv,Kalman,9.92504351546866,14.12067839763447,33.49202118088862,72.82861680686827,125.13466660940364,188.495334543356,249.20214354281126,298.96028511310567,314.19164397605266,326.2910186562322,289.7876886283796,239.33147704116186,175.8511489205265,189.47375451212514,151.47539385969085,174.95282855724463,224.0744324874197,198.68875044257408,322.10006744750876,463.45553375288654,512.3279152289668
577228000.csv,Linear,44.52868598716828,67.18098390291803,89.22968985307254,111.72276274063829,132.07543490280437,155.60112698072476,175.89303221546257,200.41808348419013,216.99077056545124,245.474530543915,266.82313833725215,283.43547136373763,309.85913188354374,334.1604798505491,352.1782608283927,377.71284033048823,396.90103943428255,412.1989467407914,426.2679727788441,456.2688884522593,460.240347190722
227558000.csv,Kalman,9.209855977405372,26.602707260020914,77.03026518888615,155.70057171460442,253.0856404459913,357.76201001834255,456.27823190713167,499.98354341093096,528.9798228946496,486.69149738990245,441.1706955124027,356.4387325036638,222.30815467342268,166.88640494593835,197.04385246594083,107.00239466166718,122.84571557102406,353.6629795987875,521.5075558302588,654.3231586820488,950.0106449445625
227558000.csv,Linear,69.66723680418865,104.90312310302082,138.3271817182979,172.6988468682391,207.10178292884876,239.50041808711032,275.70938276349403,309.04877404805393,347.253337419477,379.11542727509124,414.7556540091457,441.28999006787905,471.7438587182892,518.0943487919491,541.8256176048818,588.6759986313915,613.7988385729684,632.8793537977978,672.6286407357806,721.9079771356679,770.6424693055526
227364000.csv,Kalman,13.769850027463294,22.441776684018823,53.608444994072116,95.48336668958228,175.88064707257644,216.13147900675906,331.2182893254081,314.92248103001333,293.5517118611017,336.6828602397155,246.37178072755307,302.5231368100833,138.204439491627,240.69568512791955,249.76991509323878,118.49205636863279,282.09199260833753,106.10928976746315,521.4651156990446,673.8101927830165,469.63937087352537
227364000.csv,Linear,111.33198741362287,167.79602400771654,220.64354213426157,277.36408292489034,323.26117511065945,380.36879854753,440.335420974218,502.6939000914081,531.7997505449482,585.1658177027552,646.1312508705043,691.5302675963698,753.3015055585735,799.0437753624584,848.3217458750845,925.5520741010017,927.6048571706807,981.7332987350084,1034.0237390389218,1085.4843789414294,1133.0768810305922
